如何查询佣金费率？	怎样才能查询佣金套餐	1.0
新股上市首日委托买入为何作废？	当天卖出股票资金可转入银行卡里吗？	0.0
我新开户的帐号为什么不能申购新股？	新股中签，未及时缴款有什么影响？	0.0
我转银行突然冻结了	证券转银行为什么转不了？	1.0
多少资金能达到多少的佣金？	客户编号忘记了，怎么登录	0.0
股票卖出什么时候可以转出资金	深交所逆回购的起点金额？	0.0
信用账户如何申购新股？	你好，信用账户在那申购新股呢	1.0
我的资金转入失败是什么问题	为何账户有资金无法转出？	1.0
银转证咋转不了呀	新三板股票协议转让的申报类型？	0.0
新股申购的条件？	我麻烦问一下认购新股有什么条件吗？	1.0
深交所哪些上市债券实行净价交易？	深交所上市债券实行净价交易有哪些？	1.0
新股中签，未及时缴款有什么影响？	深市的债券有哪几种交易方式呢	0.0
上交所债券质押式回购竞价交易的有效竞价范围？	上交所债券质押式回购竞价交易的有效竞价范围？	1.0
手机账号忘记了怎么办	忘记我帐号	1.0
使用信用账户需要什么条件？	深圳市场大宗交易的条件？	0.0
创业板怎么开通	创业板如何开通	1.0
未办理外币银证转账业务的客户如何取款？	为什么我账号转银行不允许？	0.0
能帮我开一下创业板吗？	创业板如何开通	1.0
深圳市场大宗交易的条件？	你好，请帮我查一下我的佣金费率	0.0
新三板股票协议转让的申报类型？	请问注销普通的证券账户需要什么资料带去证券公司？	0.0
农行转证券为什么转不了	证券转银行为什么转不了？	1.0
当日卖出股票后可以转出资金吗？	股票卖了，钱要转到银行，多少时间以后可以转出到银行	1.0
如何收取股票交易佣金？	股票手续费怎么收	1.0
交易佣金多少	新股中签，未及时缴款有什么影响？	0.0
新股IPO网上发行制度有哪些修改？	创业板如何开通？	0.0
信用账户60岁以上怎么开立？	60岁以上如何开立信用账户？	1.0
股票交易	如何交易股票？	1.0
请问，申购新股时要注意什么呢	新股申购有何注意事项？	1.0
股票可以当天买入当天卖出吗？	股票可以当天买入当天卖出吗？	1.0
我要开深圳A股怎么做	深市中小企业板块A股证券代码是多少？	0.0
请问怎样开户	新三板股票协议转让的申报类型？	0.0
为何账户有资金无法转出？	资金怎么提不出来	1.0
多少资金能达到多少的佣金？	你好，佣金多少	1.0
我已经开户好几个月了，什么时候有买创业板权限	深市中小企业板块A股证券代码是多少？	0.0
新三板股票清算交收规则？	新三板股票清算交收规则？	1.0
忘记交易密码怎么办？	我的交易密码不对呀	1.0
证券转不到银行怎么回事？	新股上市首日委托买入为何作废？	0.0
投资者如何买卖港股通股票	深港通股票交易如何操作？	1.0
今天卖了股票的钱今天能取到银行卡不？	当日卖出股票后可以转出资金吗？	1.0
手机账户密码忘记了怎么办	我忘记登陆密码了	1.0
如何通过电话委托查询新股中签？	深交所配股认购的名称是如何编制的？	0.0
我什么钱转不出去	深市中小企业板块A股证券代码是多少？	0.0
为何账户有资金无法转出	新三板股票协议转让的申报类型？	0.0
资金转出失败	新三板股票协议转让的申报类型？	0.0
证券转银行为什么转不了？	请问银行无法转证券	1.0
A股交易费率	深圳市场大宗交易的条件？	0.0
多少资金能达到多少的佣金？	如何开户？	0.0
佣金与手续费的区别？	深市中小企业板块A股证券代码是多少？	0.0
证券转银行转不了怎么回事	深市中小企业板块A股证券代码是多少？	0.0
请问资金密码忘了怎么办	忘记资金密码怎么办？	1.0
如何注销三方存管账户？	如何注销三方存管账户？	1.0
新股中签，未及时缴款有什么影响？	登陆编号是什么	0.0
当日卖出股票后可以转出资金吗？	今天卖出的股票资金何时可以转到银行卡？	1.0
有多少是信用账户三方存管的银行？	信用账户三方存管的银行有哪些？	1.0
证卷转银行转不了	证券转银行为什么转不了？	1.0
为什么账号登录不上	如何开户？	1.0
新股IPO网上发行制度有哪些修改？	新三版股票转让有哪些计价单位？	0.0
同一个账号可以在不同手机上登录吗	同一个账号允许在不同的手机上同时登录吗？	1.0
申购新股后为何查询不到配号？	申购新股后为何查询不到配号？	1.0
网上开户佣金是多少？	理财账户的开户费是多少？	1.0
为什么我申购新股的时候，总是提示不具备申购条件？	新股申购的条件？	1.0
深市中小企业板块A股证券代码是多少？	交易密码忘	0.0
忘记交易密码怎么办？	交易密码忘记了。怎么办啊	1.0
投诉上市公司需要哪些证据？	如何通过电话委托查询新股中签？	0.0
银证转账的时间？	现在不支持银证转账？	1.0
深交所人民币特种股证券代码是根据什么编制的？	深交所B股证券代码的编制原则是什么？	1.0
上证基金通如何修改分红方式	上证基金通如何修改分红方式	1.0
股票交易费用	证券交易手续费	1.0
股票交易怎样收费	深圳市场大宗交易的条件？	0.0
注销后重新开户信用证卷账户能行吗？	新股上市首日委托买入为何作废？	0.0
不能买*ST股票	多少资金能达到多少的佣金？	0.0
证劵钱转银行 怎么转不了 怎么回事	证券转银行为什么转不了？	1.0
怎么开创业	深圳市场大宗交易的条件？	0.0
创业板如何开通	您好，请问怎么开通创业板	1.0
新股申购是否可以撤单	未办理外币银证转账业务的客户如何取款？	0.0
多少资金能达到多少的佣金？	上交所新股上市第一天的有效申报价格范围有怎样的规定	0.0
你好，我的账号忘了怎么办？	手机账号忘记了怎么办	1.0
多少资金能达到多少的佣金？	银转证转不了是怎么回事？	0.0
如何开户？	请问下怎么开户的啊	1.0
创业板怎么开通？	创业板如何开通	1.0
银证转账的时间？	银行转钱到你们证券有时间规定吗	1.0
我想问一下，外币证券转银证的金额有限制吗？	外币证券转银行限额	1.0
请问怎么转不了银行呢	深市中小企业板块A股证券代码是多少？	0.0
新股申购条件？	新股申购的条件？	1.0
你好，请问下，我想网上开户，但是第二代身份证刚过期了，拿新身份证需要1-2月，请问一定要等到新身份证才能办理吗	身份证过期可以办理开户吗？	1.0
股票手续费	如何收取股票交易佣金？	1.0
使用金融终端怎么修改K线图的副图指标参数	新股上市首日委托买入为何作废？	0.0
深市货币ETF是通过何种方式来计算收益的？	深圳市场大宗交易的条件？	0.0
创业板如何开通	我能开通创业板吗	1.0
新股中签，未及时缴款有什么影响？	我想开通购买创业板的权限，怎么办理？	0.0
新三板协议转让的成交原则有哪些？	新三板协议转让的成交规则？	1.0
开户中	深交所逆回购的起点金额？	0.0
忘了交易密码	新股上市首日委托买入为何作废？	0.0
为何账户有资金无法转出？	怎么转不出钱	1.0
股票可以当天买入当天卖出吗？	为什么我昨天买的股票今天卖不	1.0
你好怎样开通创业板	创业板如何开通	1.0
新股IPO网上发行制度有哪些修改？	上交所可转债债转股的转股数量规定？	0.0
你好，我想问下上交所股票期权行权价格的间距是怎么规定的	深交所逆回购的起点金额？	0.0
信用交易密码忘了怎么办？	如何通过电话委托查询新股中签？	0.0
忘记了帐号	新股上市首日委托买入为何作废？	0.0
信用账户的资金不能转出是什么原因啊	多少资金能达到多少的佣金？	0.0
忘了账号号码	手机账号忘记了怎么办	1.0
什么时候能银行证券之间转账	深交所逆回购的起点金额？	0.0
未办理外币银证转账业务的客户如何取款？	如何注销与理财账户相关联的银行卡？	0.0
未办理外币银证转账业务的客户如何取款？	怎么证卷不能转银行	0.0
信用账户的使用限制	有关信用账户使用的相关规定是什么？	1.0
上交所债券的费用有哪些？	深市中小企业板块A股证券代码是多少？	0.0
你好，在哪修改交易密码和通讯密码	如何通过电话委托查询新股中签？	0.0
新股中签，未及时缴款有什么影响？	如何调整佣金费率？	0.0
申报深市股票委托时，提示：证券账户无效，该如何处理？	深圳市场大宗交易的条件？	0.0
深交所逆回购的起点金额？	请问你们能开户吗	0.0
交易密码有英文吗	深交所逆回购的起点金额？	0.0
什么是深交所债券质押式回购竞价交易的有效竞价范围？	深圳市场大宗交易的条件？	0.0
证券转银行为什么转不了？	证券转银行怎么转不了呢	1.0
如何调整佣金费率？	我要调整佣金	1.0
我的资金转不出	为何账户有资金无法转出？	1.0
如何更换银行卡	新股上市首日委托买入为何作废？	0.0
您好，请问申购沪证新股的条件。	新股申购的条件？	1.0
深市A股增发代码具体指什么？	新股IPO网上发行制度有哪些修改？	0.0
如何通过电话委托查询新股中签？	你好，请问下，我想网上开户，但是第二代身份证刚过期了，拿新身份证需要1-2月，请问一定要等到新身份证才能办理吗	0.0
新股IPO网上发行制度有哪些修改？	信用账户60岁以上怎么开立？	0.0
新三板做市转让的申报有哪些条件？	新三板做市转让的申报规则？	1.0
多少资金能达到多少的佣金？	用什么办法可以重置信用账户密码？	0.0
上交所有哪些国债逆回购品种，代码是多少	未办理外币银证转账业务的客户如何取款？	0.0
新股上市首日委托买入为何作废？	我想咨询一下，我想打新，需要满足什么条件呢	0.0
证券账户在哪开	如何查询证券账号？	1.0
忘记账户了	手机账号忘记了怎么办	1.0
我把账户忘记怎么办	手机账号忘记了怎么办	1.0
我已开通创业板，	创业板如何开通	1.0
手续费降低了在你这里可以调整吗	如何调整佣金费率？	1.0
已经开户了，但登录时要帐号	新股中签，未及时缴款有什么影响？	0.0
资金转不出?	新股中签，未及时缴款有什么影响？	0.0
客户编号忘记了如何找回？	你好我的客户编号忘了	1.0
新股中签，未及时缴款有什么影响？	银行转证券问题	0.0
申请新三板挂牌需要多久？	新三板挂牌申请需要多少时间？	1.0
如何更换同一银行的三方存管银行卡？	请问下第三方存管银行可以变更吗	1.0
银行转证券转不了	证券转银行为什么转不了？	1.0
手机账号忘记了怎么办	账户忘记了	1.0
银行卡转不了证券	新股IPO网上发行制度有哪些修改？	0.0
股票的交易时间	未办理外币银证转账业务的客户如何取款？	0.0
新三板股票协议转让的申报类型？	怎么我的帐号登录不	0.0
新三板股票协议转让的申报类型？	能重新开个账户吗	0.0
我已经开有户，从哪登录	新三板股票协议转让的申报类型？	0.0
你好我的资金怎么转不进来	多少资金能达到多少的佣金？	0.0
开户干嘛的	如何开户？	1.0
如何通过电话委托查询新股中签？	上海证券交易所逆回购的起点是什么？	0.0
不允许取款的原因?	转账失败的原因？	1.0
未办理外币银证转账业务的客户如何取款？	怎样查我的股票帐号有没有连银行卡？	0.0
如何开创业版	创业板如何开通	1.0
忘记交易密码怎么办？	忘记交易密码了	1.0
亲，怎样改交易密码和通讯密码	如何修改交易密码	1.0
我己开户，密码忘记	深交所逆回购的起点金额？	0.0
深圳市场大宗交易的条件？	你好我的账号忘了	0.0
创业板权限开通的办理时间	现在开通创业板权限需要什么资质？	1.0
不能在网上直接销户吗？账户还没正式启用	未办理外币银证转账业务的客户如何取款？	0.0
身份证过期可以办理开户吗？	我想要开户，但是身份证过期了，新身份证要隔段时间才能拿到，还可以开户吗？	1.0
上证基金通如何修改分红方式	上证基金通基金（代码为519***）场内分红方式如何设置	1.0
新三版股票清算的交收规则包括什么？	新股中签，未及时缴款有什么影响？	0.0
新股IPO网上发行制度有哪些修改？	我想问下股票交易手续费怎么收	0.0
什么是新三版股票转让的计价单位？	新三版股票转让的计价单位？	1.0
深交所转股申报当日如何撤销？	深交所转股申报当日如何撤销？	1.0
我在外地交易密码忘记了	如何通过电话委托查询新股中签？	0.0
新股IPO网上发行制度有哪些修改？	忘记账号密码怎么办	0.0
未办理外币银证转账业务的客户如何取款？	我以前注册过帐号忘了怎么办	0.0
忘记交易密码怎么办？	交易密码怎么老是错的	1.0
如何更换银行卡？	如何更换银行卡？	1.0
新三板可以做融资融券交易吗？	融资融券业务交易能在新三板进行吗？	1.0
A股和港股的显示颜色有什么区别？	A股和港股的显示颜色有什么区别？	1.0
新股上市首日委托买入为何作废？	为什么资金可用不可取？	0.0
我刚开了户，怎么登不上啊	深圳市场大宗交易的条件？	0.0
怎样才能开创业板	创业板如何开通	1.0
创业板开户	多少资金能达到多少的佣金？	0.0
新股中签会有短信通知吗？	深圳市场大宗交易的条件？	0.0
股票可以当天买入当天卖出吗？	我今天买的股票，什么时候可以卖？	1.0
我的账号怎么登录不上	如何开户？	1.0
如何修改金融终端K线图的副图指标参数？	如何修改金融终端K线图的副图指标参数？	1.0
忘记登陆密码	未办理外币银证转账业务的客户如何取款？	0.0
你好，我的账户怎么登陆不上呢	未办理外币银证转账业务的客户如何取款？	0.0
账号登录不进去	深交所逆回购的起点金额？	0.0
账号忘记	手机账号忘记了怎么办	1.0
深交所逆回购的起点金额？	深交所哪些上市债券实行净价交易？	0.0
账号密码怎么修改	如何修改账户交易密码？	1.0
转签创业板权限	创业板权限转签如何操作？	1.0
证券转不到银行怎么回事？	证券转银行为什么转不了？	1.0
多少资金能达到多少的佣金？	如何重置信用账户密码？	0.0
我不想要网上委托权限了，怎么办理	新股中签，未及时缴款有什么影响？	0.0
新三板可以做融资融券交易吗？	新三板可以做融资融券交易吗？	1.0
新三板何时交易？	如何通过电话委托查询新股中签？	0.0
信用账户如何操作配债？	信用账户操作配债的流程是什么？	1.0
深市中小企业板块A股证券代码是多少？	新三版股票转让的计价单位？	0.0
新三板股票协议转让的申报类型？	新三板股票清算交收规则？	0.0
如何修改交易密码	为什么不能修改交易密码	1.0
查看创业板开通情况	如何通过电话委托查询新股中签？	0.0
新股中签，未及时缴款有什么影响？	转出到银行的资金冻结	0.0
我为什么买不了ST新股	深交所逆回购的起点金额？	0.0
多少资金能达到多少的佣金？	佣金调整	0.0
你好 怎么资金转不出来	为何账户有资金无法转出？	1.0
怎样才能开创业板	多少资金能达到多少的佣金？	0.0
未办理外币银证转账业务的客户如何取款？	忘记资金账号密码怎么找回啊	0.0
股票的交易时间？	股票的交易时间？	1.0
新股中签，未及时缴款有什么影响？	现在还能交易吗	0.0
深市中小企业板块A股证券代码是多少？	交易密码能找回吗？	0.0
新三板挂牌申请需要多少时间？	新三板股票协议转让的申报类型？	0.0
A股和港股通退市制度的区别	A股和港股通退市制度的区别	1.0
为何账户有资金无法转出？	为何资金转不出去	1.0
您好，新三板做市转让的申报规则是怎样的？	新股中签，未及时缴款有什么影响？	0.0
如何开户？	我之前开户了的	1.0
股票交易后什么时候能转账回银行卡	新股上市首日委托买入为何作废？	0.0
有哪些模拟交易经历就可以申请期权交易权限了？	多少资金能达到多少的佣金？	0.0
多少资金能达到多少的佣金？	我的手续费大概多少	1.0
开户中	如何开户？	1.0
你好，如何开通创业板	新股中签，未及时缴款有什么影响？	0.0
忘记资金密码怎么办？	不好意思 我的资金密码太久没用忘记了 怎么找回来？	1.0
如何通过电话委托查询新股中签？	什么情况？钱转不出来？	0.0
新三板股票的即时行情的要素是什么？	新三板股票的即时行情包含哪些要素？	1.0
信用账户的使用限制	信用账户的使用限制	1.0
如何更换同一银行的三方存管银行卡？	新股中签，未及时缴款有什么影响？	0.0
钱转不出	为何账户有资金无法转出？	1.0
未办理外币银证转账业务的客户如何取款？	为什么银行无法转证卷？	0.0
信用账户对应银行的券商代码？	信用账户对应银行的券商代码？	1.0
新股中签，未及时缴款有什么影响？	网上申购的数量有限制吗	0.0
深圳市场大宗交易的条件？	用什么办法可以注销信用账户？	0.0
开户交易佣金多少	新股IPO网上发行制度有哪些修改？	0.0
新三板股票协议转让的申报类型？	股票交易收费	0.0
深市中小企业板块A股证券代码是多少？	有关信用账户使用的相关规定是什么？	0.0
手机账户密码忘记了怎么办	登录密码忘了怎么办	1.0
多少资金能达到多少的佣金？	请问我的手续费多少？	1.0
新股中签，未及时缴款有什么影响？	忘记账号密码	0.0
我的一个账号密码忘了	新股上市首日委托买入为何作废？	0.0
深交所逆回购的起点金额？	今天刚把股票卖了，急用钱，有没有办法今天就能提现	0.0
新股中签，未及时缴款有什么影响？	想开通创业板	0.0
自助开户三方存管	自助开户后如何补办三方存管？	1.0
手机账号忘记了怎么办	我的账号忘了能告诉我吗	1.0
如何调整期权交易权限？	我想调整我的期权交易权限，怎么操作呢	1.0
如何通过电话委托查询新股中签？	转账失败的原因	0.0
这股票什么时候交易	新股IPO网上发行制度有哪些修改？	0.0
新三板股票协议转让的申报类型？	身份证到期了，对账户交易有影响吗？	0.0
新三板股票转让交易有哪些费用？	什么费用是新三板股票转让交易的？	1.0
新三板的投资者有哪些？	新三板股票协议转让的申报类型？	0.0
深交所逆回购的起点金额？	我今天一键大新股数按错了，可以撤单吗	0.0
深市中小企业板块A股证券代码是多少？	中了新股怎么缴款啊	0.0
如何查询佣金费率？	你好 我怎么看佣金费率	1.0
我的钱怎么转不了银行“呢？	证券转银行为什么转不了？	1.0
深圳市场大宗交易的条件？	开创业板，要怎么弄？	0.0
为什么每次申购新股都说不满足条件	新股申购的条件？	1.0
深市中小企业板块A股证券代码是多少？	现在申购新股要有那些条件？我为什么申购不了？	0.0
如何更换同一银行的三方存管银行卡？	如何更改第三方存管银行	1.0
忘记账号了	手机账号忘记了怎么办	1.0
请问如何开通创业板	创业板如何开通	1.0
多少资金能达到多少的佣金？	我的资金转不出银行的	0.0
为何账户有资金无法转出？	为何账户有资金无法转出？	1.0
信用账户资金无法转出的原因	信用账户资金无法转出的原因	1.0
为何账户有资金无法转出？	怎么转不出去钱	1.0
限制第一天上市的新股的涨跌幅度吗	新股上市首日有涨跌幅限制吗？	1.0
开户有什么套餐	如何开户？	1.0
如何更换银行卡？	请问怎么更改银行卡	1.0
我想问一下，我这个手续费是多少呀	深交所逆回购的起点金额？	0.0
多少资金能达到多少的佣金？	你好！账号怎么登陆不上？	0.0
多少资金能达到多少的佣金？	我证券的钱为啥不能转到银行卡	0.0
我想查下我的信用账户的新股额度，能帮帮我吗	信用账户如何查询新股申购额度？	1.0
多少资金能达到多少的佣金？	你好我想问下我的交易佣金是多少	1.0
创业板如何开通	能开创业板嘛	1.0
深市新股上市首日临时停牌有何规定？	未办理外币银证转账业务的客户如何取款？	0.0
请问深交所 中签新股的查询电话是好多？	如何通过电话委托查询新股中签？	1.0
深交所转股申报数量如何填写？	深交所转股申报数量如何填写？	1.0
如何通过电话委托查询新股中签？	你好请问我的账号怎么不能登陆	0.0
客户编号忘记了如何找回？	我忘记客户编号	1.0
B股的涨跌幅有限制吗？	B股有涨跌限制吗？	1.0
已经开户了啊！	如何开户？	1.0
新股申购的条件？	哪些条件满足才可申购新股	1.0
信用账户可以购买非标的证券吗？	深圳市场大宗交易的条件？	0.0
新股审购显示未成交能撤单吗？	新三板股票协议转让的申报类型？	0.0
新三板股票协议转让的申报类型？	我把证券的钱转银行了，怎么显示冻结了？	0.0
新股申购的条件？	现在申购新股要有那些条件？我为什么申购不了？	1.0
新股上市首日委托买入为何作废？	信用账户交易允许市价委托吗？	0.0
你好，今天卖的股票钱什么时间可以往银行卡里转	当日卖出股票后可以转出资金吗？	1.0
手机账户密码忘记了怎么办	你好，我登录密码忘记了	1.0
多少资金能达到多少的佣金？	为什么不能修改交易密码	0.0
股票的交易时间？	每天股票的交易时间	1.0
股票交易时间都在哪几个时间段	未办理外币银证转账业务的客户如何取款？	0.0
当日卖出股票后可以转出资金吗？	当天卖出股票资金可转入银行卡里吗？	1.0
深市中小企业板块A股证券代码是多少？	证卷转银行，为何转不了？	0.0
忘记资金密码怎么办？	你好，不记得有资金密码，怎么办？	1.0
未办理外币银证转账业务的客户如何取款？	我新股申购说不符合条件	0.0
现在可以交易吗	股票的交易时间？	1.0
新股IPO网上发行制度有哪些修改？	请问创业板如何开通	0.0
新股中签，未及时缴款有什么影响？	开户套餐都是什么意思啊	0.0
现在开户收费多少	新三板股票协议转让的申报类型？	0.0
我已经开户好几个月了，什么时候有买创业板权限	创业板权限开通的办理时间	1.0
深交所逆回购的起点金额？	佣金多少啊	0.0
当日买入的股票为什么当日不能卖出？	新股中签，未及时缴款有什么影响？	0.0
资金密码忘记了	忘记资金密码怎么办？	1.0
新股上市首日委托买入为何作废？	如何首次开通创业版	0.0
第三方存管 更改银行卡	深圳市场大宗交易的条件？	0.0
深圳市场大宗交易的条件？	忘了账户	0.0
深港通股票交易如何操作？	深圳市场可以通过哪些渠道来交易港股通？	1.0
银证转账的时间？	新三板股票协议转让的申报类型？	0.0
新股上市首日委托买入为何作废？	为什么转账时证券可以转入银行，银行不能转入证券呢	0.0
新股申购的条件？	要什么样的条件才能申购新股	1.0
如何通过电话委托查询新股中签？	交易密码忘记了该怎么办？	0.0
新股上市首日委托买入为何作废？	人民币特种股票是否可以作为融资融券的担保品？	0.0
创业板如何开通	创业板怎么开通呢	1.0
我忘了我的编号了	手机账号忘记了怎么办	1.0
请问我的交易密码不记得了	忘记交易密码怎么办？	1.0
为何账户有资金无法转出？	我的资金为什么转不出来	1.0
自助开户后如何补办三方存管？	自助开户后如何补办三方存管？	1.0
手续费是万几啊	多少资金能达到多少的佣金？	1.0
银行的钱转证卷怎么转不了	证券转银行为什么转不了？	1.0
新股中签会有短信通知吗？	新股申购中签会有通知吗	1.0
如何通过电话委托查询新股中签？	你好 怎么资金转不出来	0.0
深市中小企业板块A股证券代码是多少？	信用账户里面的市值算在申购市值里吗？	0.0
股票交易费用	股票交易手续费	1.0
如何通过电话委托查询新股中签？	哪些是B股的委托申报方式？	0.0
资金转账为什么转不进去	为何账户有资金无法转出？	1.0
新三板股票协议转让的申报类型？	上交所对于竞价交易临时停牌有什么规则？	0.0
创业板权限开通的办理时间	你好，请问现在有开通创业板的名额吗	1.0
手机账户密码忘记了怎么办	你好。登录密码忘了	1.0
交易密码修改的话，必须单独上传信息修改吗	如何修改账户交易密码？	1.0
帐号为啥不能登入	如何开户？	1.0
如何收取股票交易佣金？	股票怎么收手续费的	1.0
为什么资金从证券转不了银行的	深交所逆回购的起点金额？	0.0
新三板股票协议转让的申报类型？	请问之前我开个的	0.0
如何通过电话委托查询新股中签？	信用账户密码要怎样重置？	0.0
如何查询佣金费率？	你好，请帮我查一下我的佣金费率	1.0
新股当日能否多次申购	同一新股可多次申购吗？	1.0
深交所逆回购的起点金额？	银行不能转证券？	0.0
我的登录密码忘掉了	深市中小企业板块A股证券代码是多少？	0.0
今天买入哪只股票？	股票可以当天买入当天卖出吗？	1.0
证券账户在哪开	深圳市场大宗交易的条件？	0.0
新三版股票转让的计价单位？	新三版股票转让的计价单位？	1.0
我忘记客户编号了。	客户编号忘记了如何找回？	1.0
新股上市首日委托买入为何作废？	忘记资金密码怎么办？	0.0
多少资金能达到多少的佣金？	我的佣金率是多少啊	1.0
新股中签，未及时缴款有什么影响？	资金密码忘记了	0.0
证券里的钱转不出来	证券转银行为什么转不了？	1.0
忘了交易密码，如果可以知道	新三板股票协议转让的申报类型？	0.0
新股申购，委托数量高于最大限额，怎么回事呢	新股IPO网上发行制度有哪些修改？	0.0
找回交易密码	忘记交易密码怎么办？	1.0
我忘记客户编码了	深圳市场大宗交易的条件？	0.0
A股账户销户有哪些注意事项？	对，比如说今天我申购新股，没有其他交易，可以去办销户吗	1.0
新股中签缴款 软件上如何办理	新股中签如何缴款？	1.0
未办理外币银证转账业务的客户如何取款？	如何修改交易密码	0.0
股票可以当天买入当天卖出吗？	新股IPO网上发行制度有哪些修改？	0.0
上交所债券质押式回购竞价交易的有效竞价范围？	如何通过电话委托查询新股中签？	0.0
我的账号为何不能登录？	深交所逆回购的起点金额？	0.0
貌似我现在无法银证转账呢？	转账失败的原因？	1.0
深市中小企业板块A股证券代码是多少？	你好，我的交易密码忘了，怎么修改	0.0
创业板如何开通	怎么开通创业板呀	1.0
三板交易权限如何取消？	深交所逆回购的起点金额？	0.0
客户编号忘记了如何找回？	忘了客户编号	1.0
深市中小企业板块A股证券代码是多少？	客户编号忘记了如何找回	0.0
网上申购的数量有何限制？	网上申购的数量有限制吗	1.0
深交所逆回购的起点金额？	B股的交收规则？	0.0
股票可以当天买入当天卖出吗？	今天买入什么股	1.0
新三板股票协议转让的申报类型？	你好，我要转入资金一直提示转入失败	0.0
手机账户密码忘记了怎么办	我登陆密码忘记了	1.0
交易登录密码忘了……	忘记交易密码怎么办？	1.0
深交所转股申报当日撤销的方式是什么？	未办理外币银证转账业务的客户如何取款？	0.0
B股的最小交易单位？	B股的最小交易单位？	1.0
当日卖出股票后可以转出资金吗？	当日卖出的股票资金会在当天3点收市能转出吗？	1.0
深交所逆回购的起点金额？	同一新股可多次申购吗？	0.0
网下打新缴款账号是否需与三方存管银行账号一致？	网下打新缴款账号和三方存管银行账号是相同的吗？	1.0
创业板如何开通	请问我的这个账户创业板开通了吗	1.0
客户编号忘记了如何找回？	新三板股票协议转让的申报类型？	0.0
我没有办外币银证转账业务，要怎样才可以取款？	深交所逆回购的起点金额？	0.0
证券转银行为什么转不了？	请问怎么转不了银行呢	1.0
证券转银行为什么转不了？	为什么银行转证券失败	1.0
如何开户？	已经开过户	1.0
怎么帐号登录不上	未办理外币银证转账业务的客户如何取款？	0.0
证券转银行为什么转不了？	钱为什么转不了银行	1.0
为什么资金可用不可取。	为什么资金可用不可取？	1.0
怎么我资金转不出来	未办理外币银证转账业务的客户如何取款？	0.0
如何开户？	登陆账号上不去	1.0
如何修改成本价数值？	可以通过哪些方式修改成本价	1.0
信用账户可以网上开通吗？	信用账户可以网上开通吗？	1.0
你好怎样开通创业板	多少资金能达到多少的佣金？	0.0
为什么深市新股配号有小数点后两位的	新股IPO网上发行制度有哪些修改？	0.0
如何更换银行卡？	怎么更改银行卡的啊？	1.0
怎么开通创业	创业板如何开通	1.0
新股上市首日委托买入为何作废？	你好，为什么新股可申购数量有误?我只能申购1000股，可是软件显示的是6000股，	0.0
信用账户如何操作配股？	信用账户操作配股的方法	1.0
新股申购失败：错误代码：B01，是什么情况？	新三板股票协议转让的申报类型？	0.0
银证转账的时间？	与银行间的转帐时间是什么时候	1.0
新股申购受限后，到期是否需办理解限手续？	新股申购受限后，到期是否需办理解限手续？	1.0
我不想在网上交易了，如何取消权限	新股上市首日委托买入为何作废？	0.0
为何资金转不出	新股IPO网上发行制度有哪些修改？	0.0
A股账户销户有哪些注意事项？	我今天把股票卖了，可以今天销户吗？	1.0
新股中签，未及时缴款有什么影响？	当日赎回股票，何时可以转出资金？	0.0
深证成份指数成份股多长时间调整一次？	深市中小企业板块A股证券代码是多少？	0.0
新股上市首日委托买入为何作废？	编号忘了怎么办	0.0
账号怎么不允许取钱	深市中小企业板块A股证券代码是多少？	0.0
请问登陆密码忘了怎么办	手机账户密码忘记了怎么办	1.0
如何修改接收新股中签提醒短信的手机号码？	我的电话号码变了，中签时证券公司通知不了为我，我在外地，能否通过电话改一下号码？	1.0
如何通过电话委托查询新股中签？	上海A股为什么开通不了	0.0
新股申购的配号是按时间顺序分吗	新股申购的配号规则？	1.0
新三板股票进行交易的系统有哪些？	新三板股票进行交易的系统有哪些？	1.0
创业板如何开通	创业板如何开通？	1.0
为什么，转不了银行卡	证券转银行为什么转不了？	1.0
多少资金能达到多少的佣金？	你们的佣金多少	1.0
怎么开通创业版	新股IPO网上发行制度有哪些修改？	0.0
什么时候能出售股票	股票的交易时间？	1.0
深港通和沪港通的交易日区别？	深港通和沪港通的交易日区别？	1.0
忘记资金密码怎么办？	忘记资金密码怎么办？	1.0
我的客户编号忘记了	客户编号忘记了如何找回？	1.0
资金转不出怎么回事	新股中签，未及时缴款有什么影响？	0.0
新股IPO网上发行制度有哪些修改？	账号密码怎么修改	0.0
深市中小企业板块A股证券代码是多少？	如何修改账户资金密码？	0.0
证券转银行为什么转不了？	银行转证券转不了，是怎么回事？	1.0
新股上市首日委托买入为何作废？	请问资金密码忘了怎么办	0.0
多少资金能达到多少的佣金？	我的佣金手续费是多少？	1.0
交易密码怎么错了	忘记交易密码怎么办？	1.0
创业板如何开通	怎样开创业板	1.0
如何修改交易密码	你好，在哪修改交易密码和通讯密码	1.0
多少资金能达到多少的佣金？	为什么不能转钱到银行啊？	0.0
今天卖出的股票资金何时可以转到银行卡？	深市中小企业板块A股证券代码是多少？	0.0
深交所逆回购的起点金额？	资金为什么转不出	0.0
新三板交易时间？	要多久新三板交易？	1.0
新股上市首日委托买入为何作废？	我佣金是多少	0.0
我账号忘记怎么办	深圳市场大宗交易的条件？	0.0
我买不了ST股是怎么回事呀	ST股票为何无法买入？	1.0
新三板股票协议转让的申报类型？	信用证券账户如何注销后重新开户？	0.0
股票交易费用	A股交易费率	1.0
多少资金能达到多少的佣金？	深圳市场大宗交易的条件？	0.0
深市中小企业板块A股证券代码是多少？	客户编号忘记	0.0
新股中签，未及时缴款有什么影响？	当日卖完股票，能当日转出资金吗？	0.0
深市中小企业板块A股证券代码是多少？	你好，请问申购新股要什么条件	0.0
如何查询证券账号？	如何查询证券账户在那	1.0
为什么我的账号交易不了带ST的股票！	ST股票为何无法买入？	1.0
客户编号忘了	新股上市首日委托买入为何作废？	0.0
深交所逆回购的起点金额？	帐号也忘记了、	0.0
新三板股票协议转让的申报类型？	同行换第三方存管，怎么换	0.0
如何通过电话委托查询新股中签？	这个股怎么交易呀	0.0
*st股票会在哪些情况下退市呢？	新股中签，未及时缴款有什么影响？	0.0
如何区分A股和港股的显示颜色？	A股和港股的显示颜色有什么区别？	1.0
银行转证券老提示失败	证券转银行为什么转不了？	1.0
如何收取股票交易佣金？	股票佣金	1.0
资金怎么转不出来	为何账户有资金无法转出？	1.0
给我解释一下深市A股的增发代码？	深市A股的增发代码是什么？	1.0
未办理外币银证转账业务的客户如何取款？	请问证券转账银行什么时候到账	0.0
如何查询佣金费率？	交割单查佣金	1.0
上市公司进行重大资产重组，停牌时间最长期限是多久？	上市公司进行重大资产重组，停牌时间最长期限是多少天？	1.0
股票的交易时间？	股票的交易时间	1.0
信用证券账户可以注销后重新开户吗？	信用证券账户可以注销后重新开户吗？	1.0
当日卖出股票后可以转出资金吗？	你好，当天卖出的股票资金不能转回银行卡吗	1.0
手机账户密码忘记了怎么办	登陆密码忘记了	1.0
多少资金能达到多少的佣金？	新股申购市值会合并计算多个证券账户的吗？	0.0
我的账号忘记了	手机账号忘记了怎么办	1.0
创业板如何开通	请问怎么开通创业板？	1.0
如何绑定多张银行卡？	如何绑定多张银行卡？	1.0
你好！证券转银行怎么转不了	新股中签，未及时缴款有什么影响？	0.0
如何开户？	已经开户了，怎么登陆	1.0
如何开户？	能重新开个账户吗	1.0
交易费是多少	深圳市场大宗交易的条件？	0.0
上交所逆回购的起点金额？	上交所逆回购的起点金额？	1.0
你好，我想知道深市中小企业板块A股证券代码	深市中小企业板块A股证券代码是多少？	1.0
多少资金能达到多少的佣金？	申购新股的资格	0.0
深市中小企业板块A股证券代码是多少？	怎么说让我开通创业	0.0
买卖深市港股通的股票的操作方法	深港通股票交易如何操作？	1.0
如何通过电话委托查询新股中签？	什么费用是新三板股票转让交易的？	0.0
深交所逆回购的起点金额？	我这个可以买这种股票吗？	0.0
深圳市场的债券可以采取的交易方式？	深市的债券有哪几种交易方式呢	1.0
要什么条件才能申购新股啊	新股申购的条件？	1.0
未办理外币银证转账业务的客户如何取款？	我的身证号码已经变更了，在网上没办法修改	0.0
你好。登录密码忘了	新股上市首日委托买入为何作废？	0.0
新股中签，未及时缴款有什么影响？	你好我想问下我的交易佣金是多少	0.0
未办理外币银证转账业务的客户如何取款？	申购新股时怎么总是显示不符合新股申购条件呢	0.0
请问我想撤销当日的深交所转股，要怎么操作？	深交所转股申报当日如何撤销？	1.0
登录账号忘记了	手机账号忘记了怎么办	1.0
如何查询佣金费率？	你好，想知道我的账户的佣金费率是多少	1.0
B股是约定购回的标的券吗？	B股是约定购回的标的券吗？	1.0
转账失败的原因？	登录不成功，是什么原因	1.0
新三板股票协议转让的申报类型？	我的帐户怎么不能进行和银行间的转账了？	0.0
我要怎么开通创业板？	创业板如何开通	1.0
深交所逆回购的起点金额？	深圳市场的新股配号为何有小数点？	0.0
ST股票为何无法买入？	我为什么买不了ST新股	1.0
深圳市场大宗交易的条件？	交易佣金是多少？	0.0
一般情况佣金是多少	深圳市场大宗交易的条件？	0.0
深市中小企业板块A股证券代码是多少？	我那个信用账户持有的股票该咋样行使投票权呢	0.0
多少资金能达到多少的佣金？	多少资金能达到多少的佣金？	1.0
怎样开通创业版	深圳市场大宗交易的条件？	0.0
深市中小企业板块A股证券代码是多少？	网下打新缴款和三方存管银行这了两个账号需要一致吗？	0.0
忘记资金密码怎么办？	忘了资金密码	1.0
信用账户可以交易哪些股票？	信用账户可以交易哪些股票？	1.0
满足什么条件才能参与深市的大宗交易	深圳市场大宗交易的条件？	1.0
新股中签，未及时缴款有什么影响？	怎么钱不能转证券	0.0
最少可以买多少B股	深圳市场大宗交易的条件？	0.0
申报深市股票委托时，提示：证券账户无效，该如何处理？	申报深市股票委托时，提示：证券账户无效，该如何处理？	1.0
新三板股票协议转让的申报类型？	新三板股票协议转让的申报类型？	1.0
新股申购我按错了能撤单吗	深市中小企业板块A股证券代码是多少？	0.0
我的手续费是多少	多少资金能达到多少的佣金？	1.0
怎么证卷不能转银行	证券转银行为什么转不了？	1.0
为何账户有资金无法转出？	转不了钱进去	1.0
新股上市首日委托买入为何作废？	如何绑定多张银行卡？	0.0
怎么查费率	如何查询佣金费率？	1.0
深港通可以转托管港股吗？	深交所逆回购的起点金额？	0.0
所有发行的新股都能网下新股申购吗？	网下发行新股有何要求？	1.0
深圳市场大宗交易的条件？	身份证号码变更后如何修改？	0.0
新股IPO网上发行制度有哪些修改？	手机被偷了，我的电子签名要怎么弄？	0.0
今天买的股票明天可以卖出去吗	股票可以当天买入当天卖出吗？	1.0
可以开通多个港股通账户吗？	未办理外币银证转账业务的客户如何取款？	0.0
为何帐户里有资金无法转出？	为何账户有资金无法转出？	1.0
新三板股票协议转让的申报类型？	你好，我的身份证过期了，可以开户吗？	0.0
我不想在网上交易了，如何取消权限	网上委托权限如何取消？	1.0
新股IPO网上发行制度有哪些修改？	创业板怎么开通？	0.0
上证基金通基金（代码为519***）场内分红方式如何设置	未办理外币银证转账业务的客户如何取款？	0.0
我的手机换了，之前的电子签名还能用吗？	若手机丢失，需要重新申请电子签名吗？	1.0
新股上市首日委托买入为何作废？	新股上市首日委托买入显示废单是什么意思？	1.0
。为什么不能登上开户	如何开户？	1.0
新股IPO网上发行制度有哪些修改？	上交所新股上市首日有效申报价格的范围？	0.0
新股中签，未及时缴款有什么影响？	如何调整佣金	0.0
我的帳號忘了	新三板股票协议转让的申报类型？	0.0
新三板协议转让有哪些成交情况？	新股上市首日委托买入为何作废？	0.0
如何开户？	我在你处有B股。还想开通A股，能在网上申请吗？	1.0
如何更换同一银行的三方存管银行卡？	如何更换同一银行的三方存管银行卡？	1.0
如何通过电话委托查询新股中签？	上市公司进行重大资产重组，停牌时间最长期限是多少天？	0.0
客户编号忘记	客户编号忘记了如何找回？	1.0
手机账户密码忘记了怎么办	登入密码忘记了	1.0
如何通过电话委托查询新股中签？	新三版股票转让是用什么单位计价的？	0.0
为什么打新股出现：不符合这次新股申购的条件！	新股中签，未及时缴款有什么影响？	0.0
新股中签，未及时缴款有什么影响？	你好，我的帐号证券转银行为什么转不了	0.0
新股中签，未及时缴款有什么影响？	对于竞价交易临时停牌，深圳交易所有什么规定？	0.0
证券转银行为什么转不了？	为什么转银行转不了	1.0
如何查询佣金费率？	交易佣金收取情况可以通过什么方式查找？	1.0
多少资金能达到多少的佣金？	我账户里面的钱转不出去	0.0
ST股票为何无法买入？	你好，我想问下为啥我买不了ST股票	1.0
为什么不能转银行卡	新股上市首日委托买入为何作废？	0.0
A股和港股通退市制度的区别	港股通和A股退市制度的区别是什么？	1.0
同一客户可以开通多个港股通交易权限吗？	同一客户可以开通多个港股通交易权限吗？	1.0
深市A股的增发代码是什么？	深市A股的增发代码是什么？	1.0
我忘记帐号了	手机账号忘记了怎么办	1.0
申请期权交易权限需具备哪些模拟交易经历？	期权交易权限申请要求有哪些期权模拟交易经历？	1.0
B股的交易时间？	B股的交易时间？	1.0
银行无法转入证券	新股IPO网上发行制度有哪些修改？	0.0
信用账户的资金为什么不能转出呢	信用账户资金无法转出的原因	1.0
如何注销三方存管账户？	你好，我想注销三方存管，怎么操作	1.0
上交所股东大会网络投票平台网址？	如何通过电话委托查询新股中签？	0.0
深市中小企业板块A股证券代码是多少？	提现咋提不出去	0.0
上交所股票期权行权价格间距是按照什么标准设置的	深交所逆回购的起点金额？	0.0
那我现在账户里有股票，能销户吗	A股账户销户有哪些注意事项？	1.0
手机账号忘记了怎么办	忘了帐号	1.0
请问一下我的证券资金为什么不能转到银行	新股中签，未及时缴款有什么影响？	0.0
如何查询是否已开通创业板权限？	如何查询是否已开通创业板权限？	1.0
交易密码不记得了	忘记交易密码怎么办？	1.0
费用是多少	多少资金能达到多少的佣金？	1.0
深市中小企业板块A股证券代码是啥？	深交所逆回购的起点金额？	0.0
深市中小企业板块A股证券代码是多少？	亲，怎样改交易密码和通讯密码	0.0
深交所逆回购的起点金额？	帐号为啥不能登入了	0.0
申购基金时扣费方式？	申购基金时扣费方式？	1.0
如何区分港股通和A股的退市制度？	多少资金能达到多少的佣金？	0.0
股票交易	未办理外币银证转账业务的客户如何取款？	0.0
证卷转银行转不了	多少资金能达到多少的佣金？	0.0
手机账号忘记了怎么办	我账号忘记怎么办	1.0
B股股票能作为融资融券的担保品吗？	B股股票能作为融资融券的担保品吗？	1.0
现在开户交易佣金是多少	网上开户佣金是多少？	1.0
登入密码忘记了	未办理外币银证转账业务的客户如何取款？	0.0
B股的交收规则？	B股交收规则是什么？	1.0
深市中小企业板块A股证券代码是多少？	佣金多少钱	0.0
深市中小企业板块A股证券代码是多少？	为什么转银行转不了	0.0
如何绑定多张银行卡？	如何绑定多张银行卡？	1.0
忘记了登录密码怎么办？	新股IPO网上发行制度有哪些修改？	0.0
新股上市首日委托买入为何作废？	新股上市首日委托买入为什么显示废单？	1.0
怎么开户	深圳市场大宗交易的条件？	0.0
上交所新股上市首日临时停牌期间接受委托吗？	新股上市首日临时停牌期间上交所还能申报委托吗？	1.0
为什么现在不能从银行转帐	银证转账的时间？	1.0
炒股账户的密码忘了	新三板股票协议转让的申报类型？	0.0
B股价格的最小变动单位？	B股价格的最小变动单位？	1.0
深市中小企业板块A股证券代码是多少？	能直接开户吗	0.0
新股中签，未及时缴款有什么影响？	请问我的这个账户创业板开通了吗	0.0
如何查看交易佣金	如何通过电话委托查询新股中签？	0.0
自助开户三方存管	新三板股票协议转让的申报类型？	0.0
创业版怎么开	创业板如何开通	1.0
A股开户是否收费？	网上开户上A股和深A股都要各收20元手续费吗？	1.0
深圳市场大宗交易的条件？	新三板可以做融资融券交易吗？	0.0
未办理外币银证转账业务的客户如何取款？	我刚卖出的股票资金什么转出	0.0
期权交易权限可以调整吗，可以的话方法是怎样的呢	如何调整期权交易权限？	1.0
深交所债券的费用类型？	深交所债券的费用有哪些？	1.0
证券转银行为什么转不了？	请问一下我的证券资金为什么不能转到银行	1.0
为什么钱转不出来	为何账户有资金无法转出？	1.0
新股中签后未足额缴款	新股中签，未及时缴款有什么影响？	1.0
为什么登录不上交易账户	深交所逆回购的起点金额？	0.0
登陆密码忘了	手机账户密码忘记了怎么办	1.0
我在别的券商已经开通过创业板了，怎么自助转签创业板权限呢？	深市中小企业板块A股证券代码是多少？	0.0
创业板如何开通	我的好像已经开通创业板了	1.0
创业板如何开通	我能开创业板吗	1.0
为何账户有资金无法转出？	账号怎么不允许取钱	1.0
新股上市首日委托买入为何作废？	A股和港股通退市制度的区别	0.0
你好我的资金怎么转不进来	为何账户有资金无法转出？	1.0
如何开户？	开户套餐都是什么意思啊	1.0
深圳市场的债券可以采取的交易方式？	请问深圳市场的债券交易方式分为哪几种	1.0
新股IPO网上发行制度有哪些修改？	支付密码忘了怎么办	0.0
新股上市首日有涨跌幅限制吗？	新股上市首日有涨跌幅限制吗？	1.0
深圳市场大宗交易的条件？	佣金多少？	0.0
手机账户密码忘记了怎么办	忘记密码和编号	1.0
A股和港股通退市制度的区别	A股和港股通的退市制度有什么不一样？	1.0
为何账户有资金无法转出？	为何账户有资金无法转出？	1.0
深交所转股申报数量如何填写？	深交所转股申报数量的填写要求是什么？	1.0
新三板股票协议转让的申报类型？	股票交易的密码忘记了，有什么办法可以找回？	0.0
请问我们资金从银行转证券转不了	证券转银行为什么转不了？	1.0
新三板股票协议转让的申报类型？	我的账户有没有开通创业板？	0.0
登录密码忘记怎么办	深市中小企业板块A股证券代码是多少？	0.0
未办理外币银证转账业务的客户如何取款？	说要开通创业板	0.0
如何通过电话委托查询新股中签？	我想问一下，外币证券转银证的金额有限制吗？	0.0
账号登录不进去	如何开户？	1.0
网上委托权限如何开通？	不去营业厅，可以有办法开通网上委托权限吗	1.0
如何修改账户交易密码？	如何修改账户交易密码？	1.0
怎么转不出去钱	深市中小企业板块A股证券代码是多少？	0.0
为何账户有资金无法转出？	资金怎么转不了	1.0
新股上市首日委托买入为何作废？	同一个账号允许在不同的手机上同时登录吗？	0.0
未办理外币银证转账业务的客户如何取款？	信用账户开通需知？	0.0
股票的交易时间？	现在还能交易吗	1.0
新股申购的条件？	申购新股的资格	1.0
新股申购的回拨机制？	新股申购的回拨机制？	1.0
我的账号忘记了	深交所逆回购的起点金额？	0.0
我的账户转不出钱	为何账户有资金无法转出？	1.0
如何开户？	我经过有帐号，为什么还要开户	1.0
深圳市场大宗交易的条件？	我的佣金率是多少啊	0.0
B股交易手续费？	新股上市首日委托买入为何作废？	0.0
如何开通证卷账户	新股上市首日委托买入为何作废？	0.0
深市中小企业板块A股证券代码是多少？	我要怎么开通创业板？	0.0
信用账户可以网上开通吗？	深圳市场大宗交易的条件？	0.0
为什么资金可用不可取？	资金可用和可取是什么意思？	1.0
多少资金能达到多少的佣金？	我的资金已转入，怎么账户里面还没显示	0.0
新股IPO网上发行制度有哪些修改？	登陆密码忘了	0.0
可以开户吗	如何开户？	1.0
新股中签会有短信通知吗？	请问如果我中签新，你们给发短通知吗	1.0
深港通和沪港通的交易日区别？	深市港股通和泸市港股通的交易日分别是什么？	1.0
请问星期五卖出的股票资金今天转不出吗?	新三板股票协议转让的申报类型？	0.0
交易密码忘记了。怎么办啊	深圳市场大宗交易的条件？	0.0
深圳市场大宗交易的条件？	怎么开通创业	0.0
为何账户有资金无法转出？	转不出钱是放假了吗	1.0
为何账户有资金无法转出？	请问为什么转不出去钱？	1.0
创业板如何开通	开创业	1.0
为何账户有资金无法转出	为何账户有资金无法转出？	1.0
为何账户有资金无法转出？	你好，为什么我的账户不能转款出来	1.0
我交易秘码忘了，	如何通过电话委托查询新股中签？	0.0
为什么打新股出现：不符合这次新股申购的条件！	新股申购的条件？	1.0
为何账户有资金无法转出？	您好我的账户怎么不能转款啊	1.0
银行转证券转不了	深交所逆回购的起点金额？	0.0
新股申购的条件？	我想咨询一下，我想打新，需要满足什么条件呢	1.0
多少资金能达到多少的佣金？	未办理外币银证转账业务的客户如何取款？	0.0
怎样区别A股和港股的显示颜色？	A股和港股的显示颜色有什么区别？	1.0
创业板如何开通	能帮我开通创业板吗	1.0
创业板权限转签如何操作？	创业板权限转签如何操作？	1.0
如何通过电话委托查询新股中签？	你好忘记账户编号	0.0
找回客户编编号	新股中签，未及时缴款有什么影响？	0.0
新股IPO网上发行制度有哪些修改？	我买不了ST股是怎么回事呀	0.0
深圳市场大宗交易的条件？	可以直接买A股？	0.0
新股IPO网上发行制度有哪些修改？	交易登录编号是什么	0.0
新股IPO网上发行制度有哪些修改？	账户忘记了	0.0
问一下打新股需要什么条件	新股申购的条件？	1.0
如何通过电话委托查询新股中签？	为什么银转证转不出	0.0
我把账号忘了	如何通过电话委托查询新股中签？	0.0
你好，我想问下为啥我买不了ST股票	深市中小企业板块A股证券代码是多少？	0.0
信用证券账户可以注销后重新开户吗？	信用证券账户如何注销后重新开户？	1.0
银行转不了	新股中签，未及时缴款有什么影响？	0.0
请问我交易密码不记得怎么办呢，?	忘记交易密码怎么办？	1.0
深交所债券的费用有哪些？	新三板股票协议转让的申报类型？	0.0
费率多少	新股上市首日委托买入为何作废？	0.0
如何通过电话委托查询新股中签？	你好！我想问一下怎么资金转不出	0.0
证券转银行为什么转不了？	我问下我的银行卡换了，怎么转不出来	1.0
新股申购额度超限的原因？	新股申购，委托数量高于最大限额，怎么回事呢	1.0
银行的钱转证卷怎么转不了	深圳市场大宗交易的条件？	0.0
我能在金融终端查到我的银行余额信息的，但转账为何不成功	深圳市场大宗交易的条件？	0.0
创业板权限首次开通？	创业板权限首次开通？	1.0
如何通过电话委托查询新股中签？	手续费多少	0.0
深圳市场大宗交易的条件？	怎么我的资金转不出	0.0
现在不能交易吗	股票的交易时间？	1.0
如何更换银行卡？	如何通过电话委托查询新股中签？	0.0
我怎么不能登陆账户呢	新股IPO网上发行制度有哪些修改？	0.0
客户编号忘记了如何找回？	深交所逆回购的起点金额？	0.0
证券转银行为什么转不了？	我证券里面的钱想转到银行卡上，怎么转不了？	1.0
忘记客户编号了	深交所逆回购的起点金额？	0.0
新股中签，未及时缴款有什么影响？	如何更换不同银行的三方存管？	0.0
我想问一下身份证过期了能开户吗	新股中签，未及时缴款有什么影响？	0.0
我己开户，密码忘记	手机账户密码忘记了怎么办	1.0
新股中签会有短信通知吗？	新股中签会有短信通知吗？	1.0
股票交易时间	新股IPO网上发行制度有哪些修改？	0.0
新股中签，未及时缴款有什么影响？	我的资金提不出来怎么回事	0.0
什么是新三板股票的编码规则	新三板股票协议转让的申报类型？	0.0
请问我的证劵转银行怎么转不了呢	证券转银行为什么转不了？	1.0
新三板股票协议转让的申报类型？	请问我的证劵转银行怎么转不了呢	0.0
当日买入可以当日卖出不	未办理外币银证转账业务的客户如何取款？	0.0
新股上市首日委托买入为何作废？	怎么提现被冻结	0.0
未办理外币银证转账业务的客户如何取款？	深圳大宗交易的成交确认时间？	0.0
什么时候能出售股票	未办理外币银证转账业务的客户如何取款？	0.0
新股申购的条件？	你好，如何达到申购新股条件	1.0
想要办理创业板	创业板如何开通	1.0
新户申购新股，要满足那些条件才能申购	新股申购的条件？	1.0
在网上开通信用账户行吗？	信用账户可以网上开通吗？	1.0
如何开户？	怎么开通帐户	1.0
如何修改金融终端K线图的副图指标参数？	新股中签，未及时缴款有什么影响？	0.0
请问新股中签交款后多少天上市交易	新股中签后股份何时上市？	1.0
忘记用户帐号了	客户编号忘记了如何找回？	1.0
为什么资金从银行转不了？	证券转银行为什么转不了？	1.0
新三板股价变动单位？	新三板股票转让的计价单位是什么	1.0
网下打新资格是否支持在多家券商间使用？	网下大新资格允许在多家券商间使用吗？	1.0
如何通过电话委托查询新股中签？	新三板有几种指数类型？分别是什么?	0.0
未办理外币银证转账业务的客户如何取款？	您好，请问怎么开通创业板	0.0
转签创业板权限	多少资金能达到多少的佣金？	0.0
如何开户？	请问你们能开户吗	1.0
新三板股票申报价格是否有涨跌幅限制？	新股中签，未及时缴款有什么影响？	0.0
深市中小企业板块A股证券代码是多少？	今天存钱今天可以买股票吗？	0.0
多少资金能达到多少的佣金？	想问问我的手续费是多少	1.0
深圳市场大宗交易的条件？	你好，我想知道深市中小企业板块A股证券代码	0.0
网上委托权限如何取消？	我不想要网上委托权限了，怎么办理	1.0
新股申购如何撤单	深交所逆回购的起点金额？	0.0
深港通标的股票范围？	深港通标的股票范围？	1.0
新三板企业的限售期是什么时候呀	新三板企业的限售期？	1.0
为何账户有资金无法转出？	股票里钱转不出来	1.0
深交所逆回购的起点金额？	交易密码怎么错了	0.0
忘记登陆账号	新三板股票协议转让的申报类型？	0.0
新股上市首日委托买入为何作废？	A股停牌原因有哪些？	0.0
新股IPO网上发行制度有哪些修改？	银行转证券怎么失败	0.0
上交所股东大会网络投票平台网址？	上交所股东投票的网址是多少？	1.0
多少资金能达到多少的佣金？	股票交易时间是什么时候	0.0
002399停牌好久了，什么原因？啥时候复牌呢？	A股停牌原因有哪些？	1.0
新三板股票协议转让的申报类型？	不记得开户帐号了	0.0
为何账户有资金无法转出？	我把钱转过来，显示作废	1.0
股票交易后什么时候能转账回银行卡	银证转账的时间？	1.0
账号密码忘记了	手机账户密码忘记了怎么办	1.0
多少资金能达到多少的佣金？	什么样的股票可以计算市值？	0.0
70岁以上自然人可以手机开户吗?	70岁以上自然人可以手机开户吗?	1.0
新股上市首日委托买入为何作废？	新股ipo网上发行制度修改了什么？	0.0
ST股票为何无法买入？	ST股票为何无法买入？	1.0
如何修改账户交易密码？	修改账户交易密码的方法是什么	1.0
多少资金能达到多少的佣金？	登陆账号上不去	0.0
当日卖出股票后可以转出资金吗？	今天卖出的股票 资金什么时候可以取出到银行卡	1.0
深交所逆回购的起点金额？	为什么不能证券转银行这操作失败？	0.0
深市中小企业板块A股证券代码是多少？	如何通过电话委托查询新股申购配号？	0.0
深市中小企业板块A股证券代码是多少？	钱为什么转不了银行	0.0
为何账户有资金无法转出？	我的账户为什么转不出钱？	1.0
忘记交易密码怎么办？	忘记交易密码怎么办？	1.0
多少资金能达到多少的佣金？	网下打新申报价格有规定吗	0.0
信用账户如何操作配股？	信用账户如何操作配股？	1.0
为什么我申购新股的时候，总是提示不具备申购条件？	新股IPO网上发行制度有哪些修改？	0.0
如何通过电话委托查询新股中签？	股票的交易时间？	0.0
怎么开通创业板	创业板如何开通	1.0
新股中签，未及时缴款有什么影响？	为何账户有资金无法转出？	0.0
身份证号码变了，如何修改啊？	身份证号码变更后如何修改？	1.0
信用证卷账户注销后能重新开户吗？	深交所逆回购的起点金额？	0.0
深圳证券交易所证券代码编制原则是什么？	深圳证券交易所证券代码是如何编制的？	1.0
我怎么符合申购新股的条件	如何通过电话委托查询新股中签？	0.0
修改K线图的副图指标参数在金融终端上的操作流程	如何修改金融终端K线图的副图指标参数？	1.0
查询佣金	如何查询佣金费率？	1.0
我知道密码，但是账号忘记啦	新股上市首日委托买入为何作废？	0.0
约定购回的卷是人民币特种股标的吗？	B股是约定购回的标的券吗？	1.0
你好！证券转银行怎么转不了	证券转银行为什么转不了？	1.0
为什么信用账户的现金资产不能进行新股中签款缴款？	信用账户的现金资产为何不能进行新股中签款缴款？	1.0
股票开户佣金多少？	深圳市场大宗交易的条件？	0.0
新股上市首日委托买入为何作废？	调整手续费	0.0
我要调整下佣金费	如何调整佣金费率？	1.0
多少资金能达到多少的佣金？	有哪些回拨机制是新股申购的？	0.0
A股和港股的显示颜色有什么区别？	港股和A股的显示颜色有什么不同？	1.0
新股中签，未及时缴款有什么影响？	在手机版交易系统中怎么修改中签手机号码	0.0
新股申购有何注意事项？	新股上市首日委托买入为何作废？	0.0
深圳市场大宗交易的条件？	网上申购的数量有何限制？	0.0
客户编号忘记了如何找回？	怎样找回客户编号？	1.0
新股上市首日委托买入为何作废？	股票卖了资金怎么转出不来	0.0
B股的交易时间？	未办理外币银证转账业务的客户如何取款？	0.0
深交所逆回购的起点金额？	你好，资金为什么转不出去	0.0
咋样开通创业板	创业板如何开通	1.0
参与深圳大宗交易有门槛限制吗	深圳市场大宗交易的条件？	1.0
新三板协议转让的成交规则？	新三板协议转让怎么样才能成交？	1.0
银证转账的时间？	周末不能银证转账？	1.0
如何更改银行卡	如何更换银行卡？	1.0
新三板股票协议转让的申报类型？	办理融资融卷需要什么条件？	0.0
新股能否多次申购	多少资金能达到多少的佣金？	0.0
如何开户？	已经开户了，怎么登	1.0
调整佣金	未办理外币银证转账业务的客户如何取款？	0.0
你好，我想咨询一下，开通创业板权限需要什么要求	开通创业板权限对账户有什么要求？	1.0
你好！如何开通创业板？	深交所逆回购的起点金额？	0.0
我已开户	如何开户？	1.0
忘记交易密码怎么办？	交易密码错	1.0
如何开户？	不记得开户帐号了	1.0
网上开户佣金是多少	网上开户佣金是多少？	1.0
A股账户销户有哪些注意事项？	明天卖股票后能当天销户吗	1.0
自助开户后如何补办三方存管？	新股上市首日委托买入为何作废？	0.0
这个股怎么交易呀	如何交易股票？	1.0
如何通过电话委托查询新股中签？	修改K线图的副图指标参数在金融终端上的操作流程	0.0
新股申购失败：错误代码:B01？	新股申购失败：错误代码:B01？	1.0
你们这里的佣金是多少	深市中小企业板块A股证券代码是多少？	0.0
如何转让中小企业私募债券？	转让中小企业私募债券的方式是什么？	1.0
为何账户有资金无法转出？	我账户里面的钱转不出去	1.0
深市港股通开通条件	深市港股通开通条件	1.0
深市中小企业板块A股证券代码是多少？	开户套餐有哪些？	0.0
多少资金能达到多少的佣金？	收取股票交易佣金的方式是什么？	0.0
申请新三板挂牌需要多久？	深交所逆回购的起点金额？	0.0
信用账户如何操作配债？	我的信用账户有一个配债，不知道怎么操作？	1.0
深圳市场大宗交易的条件？	帮我查查佣金费率	0.0
深圳市场大宗交易的条件？	我的帐户可以开通创业板吗	0.0
修改账户交易密码的方法是什么	深圳市场大宗交易的条件？	0.0
如何调整佣金费率？	我要调整交易费	1.0
新股上市首日委托买入为何作废？	你好，请问我要什么资格才能申购新股？	0.0
多久调整一次深证成份指数成份股？	深证成份指数成份股多长时间调整一次？	1.0
佣金费率如何查询	深交所逆回购的起点金额？	0.0
如何开户？	说我的为开通什么账户	1.0
深交所逆回购的起点金额？	资金账户密码如何找回	0.0
如何找回客户编号	客户编号忘记了如何找回？	1.0
新股IPO网上发行制度有哪些修改？	能给我个详细的深港通的标的股票范围吗	0.0
深交所逆回购的起点金额？	我已开通创业板，	0.0
在哪开创业板	深圳市场大宗交易的条件？	0.0
银行转证券问题	证券转银行为什么转不了？	1.0
为什么我的资金转不了银行	新股上市首日委托买入为何作废？	0.0
新三板股票协议转让的申报类型？	我昨天开户的，忘记了我的帐号	0.0
如何调整佣金费率？	我的佣金比较高了，可以调整吗	1.0
新股申购的条件？	如何通过电话委托查询新股中签？	0.0
我想用信用账户操作要约收购，行吗	信用账户可以操作要约收购吗？	1.0
新股中签缴款 软件上如何办理	新股中签，未及时缴款有什么影响？	0.0
怎么开通创业版	创业板如何开通	1.0
B股价格的最小变动单位？	B股的最小变动单位是多少啊	1.0
忘记资金账号怎么办	忘记资金密码怎么办？	1.0
如何修改接收新股中签提醒短信的手机号码？	如何修改接收新股中签提醒短信的手机号码？	1.0
怎样修改交易密码	如何修改交易密码	1.0
请问，要怎么区分港股通和A股的退市制度？	A股和港股通退市制度的区别	1.0
客户编码忘记了	多少资金能达到多少的佣金？	0.0
信用账户开通条件	信用账户开通条件	1.0
问一下打新股需要什么条件	深圳市场大宗交易的条件？	0.0
信用账户三方存管的银行有哪些？	深市中小企业板块A股证券代码是多少？	0.0
深交所逆回购的起点金额？	交割单查佣金	0.0
证券转银行为什么转不了？	证转银未成功不知为什么？	1.0
投诉上市公司什么样的证据合法有效？	投诉上市公司什么样的证据合法有效？	1.0
转账失败的原因？	什么原因银行转账到帐户，转入失败	1.0
加开账户	新股上市首日委托买入为何作废？	0.0
我想把跟理财账户相关的银行卡取消了，要怎么做？	新股IPO网上发行制度有哪些修改？	0.0
深市中小企业板块A股证券代码是多少？	新三板市场披露信息的方式是什么？	0.0
为什么不能转入银行	证券转银行为什么转不了？	1.0
新股中签，未及时缴款有什么影响？	深圳证券交易所证券代码是如何编制的？	0.0
新股申购的市值计算范围？	新股申购的市值计算范围？	1.0
我的交易密码没错	深市中小企业板块A股证券代码是多少？	0.0
新股上市首日委托买入为何作废？	新三板的投资者都是什么类型的？	0.0
我的登录密码，忘了	新股中签，未及时缴款有什么影响？	0.0
如何开户？	你好请问我的账号怎么不能登陆	1.0
怎样区分A股股票配股与增发的缴款时间？	A股股票配股与增发的缴款时间有何区别？	1.0
申购新股有什么条件！	新股申购的条件？	1.0
如何查询佣金费率？	如何查询佣金费率？	1.0
我的帐户怎么开呀	多少资金能达到多少的佣金？	0.0
多少资金能达到多少的佣金？	开通创业板	0.0
新股中签，未及时缴款有什么影响？	信用账户销户的条件有哪些？	0.0
深市A股增发代码具体指什么？	深市A股的增发代码是什么？	1.0
新股中签，未及时缴款有什么影响？	说我的为开通什么账户	0.0
多少资金能达到多少的佣金？	网下申购新股的条件、流程？	0.0
未办理外币银证转账业务的客户如何取款？	为什么我开不了深圳的A股	0.0
请问资金怎么转不了去银行	新股IPO网上发行制度有哪些修改？	0.0
如何通过电话委托查询新股中签？	新三板协议转让的成交规则？	0.0
如何通过电话委托查询新股中签？	新股上市首日委托买入为何作废？	0.0
开户交易佣金多少	网上开户佣金是多少？	1.0
如何通过电话委托查询新股中签？	身份证过期就不能开户吗？	0.0
请问深港通股票为A+H股的，A股停牌与H股停牌是否是一致的？	新股中签，未及时缴款有什么影响？	0.0
港股市值可用来申购新股吗？	新股申购的市值计算范围？	1.0
修改成本价的方式有哪些？	如何修改成本价数值？	1.0
未办理外币银证转账业务的客户如何取款？	申购开放式基金时提示证券停牌	0.0
60岁以上如何开立信用账户？	深圳市场大宗交易的条件？	0.0
为什么资金转不出去？	多少资金能达到多少的佣金？	0.0
创业板如何开通	多少资金能达到多少的佣金？	0.0
想问下怎么知道自己开通创业板呢	创业板如何开通	1.0
我怎么不符合申购的条件？	新三板股票协议转让的申报类型？	0.0
我的账号登录密码忘记了怎么办	深市中小企业板块A股证券代码是多少？	0.0
手机账号忘记了怎么办	我以前注册过帐号忘了怎么办	1.0
网下打新价格如何申报	网下打新申报价格有什么规定？	1.0
转账失败的原因？	如何通过电话委托查询新股中签？	0.0
外币证券转银行限额	外币证券转银行限额	1.0
深市中小企业板块A股证券代码是多少？	客户编号忘记了。	0.0
如何查询证券账号？	怎么登陆证券帐号	1.0
新三板股票协议转让的申报类型？	股票交易费用	0.0
新股IPO网上发行制度有哪些修改？	我把钱转过来，显示作废	0.0
网上开户交易佣金	网上开户佣金是多少？	1.0
证券转银行为什么转不了？	银行转证券怎么失败	1.0
你好我的账号忘了	手机账号忘记了怎么办	1.0
请问为什么我的资金不能转银行？	证券转银行为什么转不了？	1.0
未办理外币银证转账业务的客户如何取款？	忘记了登录密码怎么	0.0
我的账户可以开通创业板么	新股IPO网上发行制度有哪些修改？	0.0
自助开户的第三方存管要怎么补办？	自助开户后如何补办三方存管？	1.0
为何证转银不成功？	新三板股票协议转让的申报类型？	0.0
创业板我可以开通吗	创业板如何开通	1.0
多少资金能达到多少的佣金？	我已经申购新股了为什么没有配号	0.0
多少资金能达到多少的佣金？	请问我在贵公司的交易费是万几	1.0
深交所逆回购的起点金额？	为什么我昨天买的股票今天卖不	0.0
如何通过电话委托查询新股中签？	新三板股票的即时行情的要素都包括什么？	0.0
若手机丢失，需要重新申请电子签名吗？	手机被偷了，我的电子签名要怎么弄？	1.0
我忘记登录密码了	新三板股票协议转让的申报类型？	0.0
您好，我想变更第三方存管银行，怎么办理。银行不变，只是换个卡	如何更换同一银行的三方存管银行卡？	1.0
深市中小企业板块A股证券代码是多少？	身份证过期可以办理开户吗？	0.0
新股申购的条件？	申购新股是不是要满足一定条件啊	1.0
新三板何时交易？	新三板交易时间？	1.0
忘记资金密码怎么办？	我忘记帐户十位资金密码	1.0
股票买入后多久可以卖出啊	股票可以当天买入当天卖出吗？	1.0
新股中签，未及时缴款有什么影响？	要什么条件才能申购新股啊	0.0
转账失败的原因？	转账失败的原因？	1.0
交易登入密码忘记怎么找回	新股中签，未及时缴款有什么影响？	0.0
如何开户？	我的账号为什么不能登入	1.0
怎么开创业板	多少资金能达到多少的佣金？	0.0
我想买入ST山水，但是就是买不进不知为什么。	ST股票为何无法买入？	1.0
忘记交易密码要什么证件	新股IPO网上发行制度有哪些修改？	0.0
如何才可以买股票？	我要怎样才能买股票	1.0
深圳市场大宗交易的条件？	请问，申购新股时要注意什么呢	0.0
我忘记登录密码了	手机账户密码忘记了怎么办	1.0
网上交易权限取消的方法是什么	新三板股票协议转让的申报类型？	0.0
你好，账号密码忘了怎么办	手机账户密码忘记了怎么办	1.0
转账失败为什么	深圳市场大宗交易的条件？	0.0
ST股票为何无法买入？	ST股票怎么没法买呢？	1.0
如何开通证卷账户	如何查询证券账号？	1.0
新股IPO网上发行制度有哪些修改？	为什么我的账户银转证转不了呢？	0.0
新三板股票协议转让的申报类型？	我登录密码忘了	0.0
资金密码忘了	深圳市场大宗交易的条件？	0.0
怎样开创业板	新三板股票协议转让的申报类型？	0.0
我的登录账号忘记了如何寻回	客户编号忘记了如何找回？	1.0
我想请问一下，我现在开户可以开通创业板吗？	新股IPO网上发行制度有哪些修改？	0.0
新股中签，未及时缴款有什么影响？	开户套餐有哪些	0.0
新股申购失败：错误代码:B01？	新股申购失败：错误代码：B01，是什么情况？	1.0
银证转账时间？	银证转账的时间？	1.0
你好！我的帐号忘了怎么办	新股上市首日委托买入为何作废？	0.0
如何通过电话委托查询新股中签？	信用账户能否参与逆回购交易？	0.0
新三板股票协议转让的申报类型？	我银行转证劵为啥转不了？	0.0
多少资金能达到多少的佣金？	现在开户交易佣金是多少	0.0
未办理外币银证转账业务的客户如何取款？	A股和港股通的退市制度有什么不一样？	0.0
你好，请问我要什么条件才能申购新股？	深市中小企业板块A股证券代码是多少？	0.0
你好，我的账号忘了怎么办？	新股中签，未及时缴款有什么影响？	0.0
新股申购时会冻结资金吗？	深圳市场大宗交易的条件？	0.0
深港通股票交易如何操作？	新股中签，未及时缴款有什么影响？	0.0
如何注销三方存管账户？	我想撤销三方存管，怎么办理？	1.0
新股中签，未及时缴款有什么影响？	股票怎么收手续费的	0.0
我已经开了	如何开户？	1.0
忘记交易密码怎么办？	忘了交易密码，如果可以知道	1.0
深交所逆回购的起点金额？	为什么银行转证券不行	0.0
证券转银行为什么转不了？	证券转银行，怎么会冻结资金	1.0
为何账户有资金无法转出？	怎么钱转不出来	1.0
身份证才过期几天，可以开户吗？	新股IPO网上发行制度有哪些修改？	0.0
如何更换同一银行的三方存管银行卡？	第三方存管换一个新的卡，同一个银行，如何操作	1.0
深港通标的股票范围？	深港通标的股名单	1.0
忘记交易登录密码了怎么办	忘记交易密码怎么办？	1.0
接收委托在深交所新股上市首日临时停牌期间行吗？	深交所新股上市首日临时停牌期间接受委托吗？	1.0
如何通过电话委托查询新股中签？	网下大新资格允许在多家券商间使用吗？	0.0
证券转银行卡为什么转不了	证券转银行为什么转不了？	1.0
上交所逆回购品种和代码有哪些？	上交所逆回购的品种有啥，对应的代码是什么	1.0
转不了钱进去	新三板股票协议转让的申报类型？	0.0
股票卖出，资金什么时候能取出	深交所逆回购的起点金额？	0.0
多少资金能达到多少的佣金？	忘了账号号码	0.0
新股不符合申购条件？	新股IPO网上发行制度有哪些修改？	0.0
股票交易佣金怎样收取？	如何收取股票交易佣金？	1.0
三板交易权限取消方式是什么？	三板交易权限如何取消？	1.0
深圳市场大宗交易的条件？	约定购回的卷是人民币特种股标的吗？	0.0
未办理外币银证转账业务的客户如何取款？	今天卖出的股票，是今天的吗？	0.0
如何开户？	开户套餐有哪些？	1.0
我想问一下怎么开通创业板	新股IPO网上发行制度有哪些修改？	0.0
新三板股票协议转让的申报类型？	开户干嘛的	0.0
深圳货币ETF收益计算规则	深市货币ETF是通过何种方式来计算收益的？	1.0
创业板如何开通	请问创业板如何开通	1.0
信用证券账户卡遗失应如何处理？	如何通过电话委托查询新股中签？	0.0
深圳市场大宗交易的条件？	新三板能否办理融资融券的业务？	0.0
深交所逆回购的起点金额？	新三板上市的股票可以转到主板交易吗？	0.0
忘了客户编号	深交所逆回购的起点金额？	0.0
如何开户？	我之前开的户还能用吗	1.0
网上开户佣金是多少？	深市中小企业板块A股证券代码是多少？	0.0
如何开户？	我已经开有户，从哪登录	1.0
客户编号忘记了如何找回？	客户编号不记得了，可以找回吗？	1.0
新股中签儿一般多久上市呢。	如何通过电话委托查询新股中签？	0.0
为何账户有资金无法转出？	股票里的钱转不出来怎么回事？	1.0
忘了交易密码怎么办？	深圳市场大宗交易的条件？	0.0
新股IPO网上发行制度有哪些修改？	交易手续费	0.0
手机账户密码忘记了怎么办	密码忘了，如何登录？	1.0
未办理外币银证转账业务的客户如何取款？	信用账户可以购买ST股票吗？	0.0
深圳市场大宗交易的条件？	怎么更换银行卡	0.0
以前开过户	如何开户？	1.0
申购新股条件	深圳市场大宗交易的条件？	0.0
B股的委托申报方式？	深市中小企业板块A股证券代码是多少？	0.0
新股上市首日委托买入为何作废？	A股、B股交易币种	0.0
新股申购时会冻结资金吗？	你好，申购今天的新股，会冻结资金吗	1.0
你好，资金为什么转不出去	为何账户有资金无法转出？	1.0
深港通股票为A+H股的，A股停牌与H股停牌是否同步？	深港通股票为A+H股的，A股停牌与H股停牌是否同步？	1.0
新三板股票协议转让的申报类型？	深市港股通和泸市港股通的额度分开用行吗？	0.0
账号和密码都忘记了怎么办	手机账户密码忘记了怎么办	1.0
新股中签，未及时缴款有什么影响？	请问深交所 中签新股的查询电话是好多？	0.0
证券转银行为什么转不了？	为何证券券转银行失败呢	1.0
如何修改金融终端个股分时图下方的成交量柱状线的颜色？	深市中小企业板块A股证券代码是多少？	0.0
今天卖的股票，	新股上市首日委托买入为何作废？	0.0
创业板如何开通	我的账号可以开通创业板了吗	1.0
新股IPO网上发行制度有哪些修改？	新股不符合申购条件？	0.0
为何账户有资金无法转出？	我什么钱转不出去	1.0
貌似我现在无法银证转账呢？	深圳市场大宗交易的条件？	0.0
佣金调整	如何调整佣金费率？	1.0
如何开通创业板	未办理外币银证转账业务的客户如何取款？	0.0
能不能把我的第三方存管取消？	如何注销三方存管账户？	1.0
深交所逆回购的起点金额？	怎么知道手续费	0.0
新三板股票协议转让的申报类型？	我的账户怎么登录不上了呢	0.0
怎么我资金转不出来	为何账户有资金无法转出？	1.0
新股申购的条件？	我新开户的帐号为什么不能申购新股？	1.0
多少资金能达到多少的佣金？	费率多少	1.0
B股的交收规则？	B股的交收规则？	1.0
新三板股票协议转让的申报类型？	A股和港股的显示颜色有什么区别？	0.0
新股申购的市值计算范围？	我最近想申购新股，但是持仓股票停牌了，能算入新股申购的市值吗？	1.0
A股股票配股与增发的缴款时间有什么不一样？	A股股票配股与增发的缴款时间有何区别？	1.0
网下申购新股的条件、流程？	网下打新的备案条件？	1.0
信用账户持有的股票如何行使投票权？	信用账户持有的股票如何行使投票权？	1.0
资金怎么转不出来	如何通过电话委托查询新股中签？	0.0
请问A股开户收费不收啊？	A股开户是否收费？	1.0
深圳市场大宗交易的条件？	怎么开户啊	0.0
网上委托权限如何取消？	网上委托权限如何取消？	1.0
新三板股票协议转让的申报类型？	找回交易密码	0.0
证券转银行为什么转不了？	请问证券金转银行转不了	1.0
新股IPO网上发行制度有哪些修改？	新股IPO网上发行制度有哪些修改？	1.0
请问我的帐号为什么登陆不上。	新股IPO网上发行制度有哪些修改？	0.0
信用账户如何操作配债？	信用账户如何操作配债？	1.0
新三板市场披露信息的方式是什么？	新三板市场是如何披露信息？	1.0
新股中签，未及时缴款有什么影响？	资金怎么转不了	0.0
我帐号密码忘了	手机账户密码忘记了怎么办	1.0
新股不符合申购条件？	新股申购的条件？	1.0
今天存钱今天可以买股票吗？	股票可以当天买入当天卖出吗？	1.0
新三板做市转让的申报规则？	深交所逆回购的起点金额？	0.0
ST股票为什么买不了呢	ST股票为何无法买入？	1.0
深市中小企业板块A股证券代码是多少？	我忘记客户编号	0.0
如何开户？	如何开户？	1.0
请问申购新股需要满足什么条件才能申购？	如何通过电话委托查询新股中签？	0.0
我的交易密码怎么不对	未办理外币银证转账业务的客户如何取款？	0.0
登录账户忘记了	手机账号忘记了怎么办	1.0
新股中签，未及时缴款有什么影响？	我可以开通创业板	0.0
你好，我想知道我账户股票交易的手续费	股票交易费用	1.0
如何通过电话委托查询新股中签？	证券交易手续费	0.0
信用账户开通条件	信用账户开通需知？	1.0
我想知道调整期权交易权限的具体流程	新股中签，未及时缴款有什么影响？	0.0
深市中小企业板块A股证券代码是多少？	深市中小企业板块A股证券代码是多少？	1.0
手机账号忘记了怎么办	我的账号忘了	1.0
网上委托权限如何开通？	网上交易委托系统能直接开通吗？	1.0
怎样更换银行卡	如何更换银行卡？	1.0
开通创业板权限，目前需要办理哪些手续？	深市中小企业板块A股证券代码是多少？	0.0
多少资金能达到多少的佣金？	昨天卖的股今天提不出款来吗？	0.0
多少资金能达到多少的佣金？	我想问一下，我这个手续费是多少呀	1.0
新股申购的条件？	要什么条件才能申购新股啊	1.0
客户编号忘记了如何找回？	客户编码忘记了	1.0
申购新股后为何查询不到配号？	我已经申购新股了为什么没有配号	1.0
B股价格的最小变动单位？	如何通过电话委托查询新股中签？	0.0
股票佣金是什么	如何收取股票交易佣金？	1.0
如何开户？	上海A股为什么开通不了	1.0
我的登录密码忘掉了	手机账户密码忘记了怎么办	1.0
钱转不出	未办理外币银证转账业务的客户如何取款？	0.0
深市中小企业板块A股证券代码是多少？	买不了股票是什么原因啊	0.0
网上开户佣金是多少？	我想问下，开户交易手续费是多少	1.0
深圳市场大宗交易的条件？	我的佣金费率是多少？	0.0
新股中签，未及时缴款有什么影响？	新股中签，未及时缴款有什么影响？	1.0
新股申购受限后，到期是否需办理解限手续？	新股上市首日委托买入为何作废？	0.0
当日卖出股票后可以转出资金吗？	当日卖出股票后可以转出资金吗？	1.0
银行转债券失败	新股上市首日委托买入为何作废？	0.0
新股上市首日委托买入为何作废？	002399停牌好久了，什么原因？啥时候复牌呢？	0.0
A股开户是否收费？	沪深A股也没有开户费吗	1.0
新股申购中签后有资金的情况下直接冻结吗	如何通过电话委托查询新股中签？	0.0
深圳交易所逆回购的起点要求是什么？	如何通过电话委托查询新股中签？	0.0
账号忘记	新股上市首日委托买入为何作废？	0.0
银行转不了	证券转银行为什么转不了？	1.0
为何账户有资金无法转出？	为什么钱转不出去	1.0
当日卖出的股票资金会在当天3点收市能转出吗？	未办理外币银证转账业务的客户如何取款？	0.0
如何通过电话委托查询新股中签？	信用账户融资买入的证券市值纳入新股申购市值中吗？	0.0
新股中签后股份何时上市？	新股中签后股份何时上市？	1.0
多少资金能达到多少的佣金？	佣金费用是多少？	1.0
B股股票能作为融资融券的担保品吗？	深圳市场大宗交易的条件？	0.0
佣金与手续费的区别？	新股中签，未及时缴款有什么影响？	0.0
证券转银行为什么转不了？	新股IPO网上发行制度有哪些修改？	0.0
哪几种系统是新三板股票进行交易的？	新三板股票进行交易的系统有哪些？	1.0
忘记账号密码怎么办	手机账户密码忘记了怎么办	1.0
哪些深交所的上市债券实行全价交易？	深交所上市债券实行全价交易有哪些？	1.0
忘记交易密码怎么办？	交易密码忘记了该怎么办？	1.0
如何注销三方存管账户？	如何取消第三方存管	1.0
新股上市首日委托买入为何作废？	信用账户可以交易哪些股票？	0.0
新股中签，未及时缴款有什么影响？	股票交易佣金怎样收取？	0.0
我是上周五开通的创业板	深圳市场大宗交易的条件？	0.0
深交所逆回购的起点金额？	为什么资金从证券转银行老是失败	0.0
B股资金交收时间	新股中签，未及时缴款有什么影响？	0.0
深市中小企业板块A股证券代码是多少？	为什么每次申购新股都说不满足条件	0.0
忘记资金帐户	新股中签，未及时缴款有什么影响？	0.0
深圳证券交易所证券代码编制原则是什么？	深圳证券交易所证券代码编制原则是什么？	1.0
手机账户密码忘记了怎么办	登录密码忘了	1.0
ST股票可以用信用账户买吗	信用账户可以购买ST股票吗？	1.0
新股上市首日有涨跌幅限制吗？	新股上市第一天的涨跌幅有限制吗	1.0
更换同一银行三方存管银行卡必须本人的吗	如何更换同一银行的三方存管银行卡？	1.0
如何调整融资融券授信额度？	我想自助调整融资融券授信额度具体要怎么操作？	1.0
多少资金能达到多少的佣金？	深交所债券质押式回购竞价交易的有效竞价范围？	0.0
深圳市场大宗交易的条件？	同一客户可以开通多个港股通交易权限吗？	0.0
能开创业板嘛	新股中签，未及时缴款有什么影响？	0.0
有什么办法可以取消第三方存管？	如何注销三方存管账户？	1.0
成交量的颜色怎么设置？	新股上市首日委托买入为何作废？	0.0
客户编号忘了，密码忘了，怎么办？	深圳市场大宗交易的条件？	0.0
帐号忘了	手机账号忘记了怎么办	1.0
如何开户？	能直接开户吗	1.0
如何开户？	怎么帐号登录不上	1.0
信用账户的资金不能转出是什么原因啊	信用账户资金无法转出的原因	1.0
我的客户编号忘记了	未办理外币银证转账业务的客户如何取款？	0.0
多少资金能达到多少的佣金？	我的十位交易号码忘记了，怎么查询找到？	0.0
身份证号码变了，如何修改啊？	未办理外币银证转账业务的客户如何取款？	0.0
新三板股票协议转让的申报类型？	我想用信用账户买ST股票可以吗	0.0
App修改第三方存管银行	如何更换同一银行的三方存管银行卡？	1.0
深圳市场大宗交易的条件？	忘记了客户号码	0.0
60岁以上如何开立信用账户？	60岁以上如何开立信用账户？	1.0
未办理外币银证转账业务的客户如何取款？	新三板协议转让成交情况都有什么？	0.0
股份报价转让的申报类型是什么？	新三板股票协议转让的申报类型？	1.0
股票怎么收费	深交所逆回购的起点金额？	0.0
新股中签，未及时缴款有什么影响？	为什么银行转证券转不了？	0.0
上交所新股上市首日临时停牌期间接受委托吗？	上交所新股上市首日临时停牌期间接受委托吗？	1.0
新三板有哪些指数？	我想了解一下新三板的指数都有什么？	1.0
身份证信息过期了，我在网上能更新吗？	身份证过期如何办理？	1.0
我忘记登陆密码了	新股上市首日委托买入为何作废？	0.0
股票可以当天买入当天卖出吗？	今天卖的股票，	1.0
深市中小企业板块A股证券代码是多少？	新三板股票进行交易的系统有哪些？	0.0
银转证为什么转不了	证券转银行为什么转不了？	1.0
新股申购的条件？	申购创业板的新股  需要什么条件	1.0
我的资金转不出	新三板股票协议转让的申报类型？	0.0
多少资金能达到多少的佣金？	信用账户开立后何时生效？	0.0
网上开户交易佣金	新股中签，未及时缴款有什么影响？	0.0
未办理外币银证转账业务的客户如何取款？	请问怎样才能开通创业版	0.0
银证转账的时间？	貌似我现在无法银证转账呢？	1.0
证券转银行为什么转不了？	为什么我的资金证转银转不了？	1.0
重置过程中显示身份证过期	身份证过期如何办理？	1.0
你好，交易密码忘记了，怎么办？	多少资金能达到多少的佣金？	0.0
多少资金能达到多少的佣金？	我想购买开放式基金，但是申购时却提示我证券停牌，原因是什么那？	0.0
深市新股上市首日临时停牌是怎么规定的？	深市新股上市首日临时停牌有何规定？	1.0
我的软件买不了ST的股，怎么开	深圳市场大宗交易的条件？	0.0
我的账号登录密码忘记了怎么办	手机账户密码忘记了怎么办	1.0
上市公司进行重大资产重组，需要多长时间停牌？	深交所逆回购的起点金额？	0.0
深港通股票为A+H股的，A股停牌与H股停牌是否同步？	请问深港通股票为A+H股的，A股停牌与H股停牌是否是一致的？	1.0
创业板如何开通	我想开通创业板	1.0
身份证过期如何办理？	身份证过期了，如何上传新的证件？	1.0
信用账户如何操作配债？	怎么在信用账户操作配债？	1.0
创业板如何开通	中小板需要开通吗？	1.0
怎么我的帐号登录不	如何开户？	1.0
深圳市场大宗交易的条件？	深港通标的股票范围？	0.0
创业板权限首次开通？	创业板权限首次开通？	1.0
深港通股票为A+H股的，A股停牌与H股停牌是否同步？	深港通股票为A+H股的，A股停牌与H股停牌确定一样吗？	1.0
信用账户操作配债的流程是什么？	深圳市场大宗交易的条件？	0.0
新股IPO网上发行制度有哪些修改？	信用账户在网上能开通吗？	0.0
新股上市首日有涨跌幅限制吗？	新股IPO网上发行制度有哪些修改？	0.0
新股IPO网上发行制度有哪些修改？	股票里的钱转不出来怎么回事？	0.0
创业板权限开通的办理时间	创业板权限开通的办理时间	1.0
申购开放式基金时提示证券停牌	申购开放式基金时提示证券停牌	1.0
为什么转不出资金	为何账户有资金无法转出？	1.0
股票可以当天买入当天卖出吗？	股票可以当天买入当天卖出吗？	1.0
如何通过电话委托查询新股中签？	新三板股票的即时行情的要素是什么？	0.0
新股申购何时可以挂单?	9点半之前，随时都可挂单买新股，是吗？	1.0
新股申购的条件？	请问申购新股需要满足什么条件才能申购？	1.0
我想开通创业板	新股上市首日委托买入为何作废？	0.0
资金转出冻结什么意思	证券转银行为什么转不了？	1.0
银证转账的时间？	请问证券转账银行什么时候到账	1.0
如何通过电话委托查询新股中签？	信用账户销户条件？	0.0
多少资金能达到多少的佣金？	身份证过期如何办理？	0.0
信用账户的使用限制	深市中小企业板块A股证券代码是多少？	0.0
开立信用账户有门槛吗？	信用账户开通条件	1.0
新股IPO网上发行制度有哪些修改？	我原来有开户	0.0
有什么方法信用账户可以购买非标的证券？	信用账户可以购买非标的证券吗？	1.0
如何更换不同银行的三方存管？	如何更换不同银行的三方存管？	1.0
深圳市场大宗交易的条件？	我刚卖了股票为什么钱不能从证券转银行	0.0
开户套餐有哪些	如何开户？	1.0
我的账户忘记了，麻烦告诉一下	手机账号忘记了怎么办	1.0
我忘了我的账号	新三板股票协议转让的申报类型？	0.0
为什么资金不可取	为什么资金可用不可取？	1.0
为什么转不出资金	新股上市首日委托买入为何作废？	0.0
周末不能银证转账？	新股中签，未及时缴款有什么影响？	0.0
股票期权怎么交易	如何交易股票？	1.0
新三板股票协议转让的申报类型？	银转证为什么转不了	0.0
忘记登陆账号	手机账号忘记了怎么办	1.0
新三板股票协议转让的申报类型？	持有什么证据投诉上市公司是合法的？	0.0
新股上市首日委托买入为何作废？	请问A股开户收费不收啊？	0.0
新三板股票申报价格是否有涨跌幅限制？	新三板股票申报价格有涨跌幅限制吗？	1.0
新股申购的条件？	怎么查看是否具有申购新股的条件	1.0
A股账户如何转户？	新股IPO网上发行制度有哪些修改？	0.0
新股IPO网上发行制度有哪些修改？	怎么更换银行卡？	0.0
新股上市首日委托买入为何作废？	你好，为什么我的账户不能转款出来	0.0
深交所逆回购的起点金额？	请问账户为什么转不了银行？	0.0
新股申购条件	未办理外币银证转账业务的客户如何取款？	0.0
当日卖出股票后可以转出资金吗？	周五卖出股票钱，周六能转到银行卡吗	1.0
能帮我开一下创业板吗？	如何通过电话委托查询新股中签？	0.0
创业板如何开通	请问怎样才能开通创业版	1.0
股票交易怎样收费	股票交易费用	1.0
我的账户忘记了，麻烦告诉一下	新股IPO网上发行制度有哪些修改？	0.0
创业板如何开通	我的可以开通创业板了吗	1.0
新三板协议转让成交情况都有什么？	新三板协议转让有哪些成交情况？	1.0
我持有的是信用账户的股票，我怎样行使我的投票权呢	多少资金能达到多少的佣金？	0.0
为什么资金转不出去	为何账户有资金无法转出？	1.0
我创业板不是已经开通了？	深交所逆回购的起点金额？	0.0
如何修改账户交易密码？	为什么登录不上交易账户	1.0
证券转银行为什么转不了？	为什么我现在银转证转不进去了？	1.0
信用账户如何查询新股申购额度？	信用账户如何查询新股申购额度？	1.0
深市中小企业板块A股证券代码是多少？	为什么我现在银转证转不进去了？	0.0
深市中小企业板块A股证券代码是多少？	我的电话号码变了，中签时证券公司通知不了为我，我在外地，能否通过电话改一下号码？	0.0
我买不了ST股是怎么回事呀	新股上市首日委托买入为何作废？	0.0
证券转银行为什么转不了？	我的资金怎么从证劵转银行，转不出来？	1.0
多少资金能达到多少的佣金？	资金转入失败咋弄	0.0
新股IPO网上发行制度有哪些修改？	新股ipo网上发行制度都有什么修改？	1.0
忘记资金密码	忘记资金密码怎么办？	1.0
创业板如何开通	多少资金能达到多少的佣金？	0.0
银证转账的银行设么时间上班	银证转账的时间？	1.0
我的帐号不能登录	多少资金能达到多少的佣金？	0.0
创业板如何开通	创业板开户	1.0
转账失败的原因？	我要从银行转账到证券帐户上为什么转不了？	1.0
我的资金已转入，怎么账户里面还没显示	为何账户有资金无法转出？	1.0
忘记交易密码怎么办？	您好，请问交易密码忘记了怎么办	1.0
你好，请问为何我的邮政储蓄银行转账不到帐户？	新三板股票协议转让的申报类型？	0.0
新三板股票协议转让的申报类型？	新股上市首日临时停牌期间上交所还能申报委托吗？	0.0
新三板股票协议转让的申报类型？	创业版开通了吧	0.0
深交所上市债券实行净价交易有哪些？	深交所上市债券实行净价交易有哪些？	1.0
深交所逆回购的起点金额？	新股申购后会不会冻结资金	0.0
A股开户是否收费？	请问A股开户免费么？	1.0
怎么提现被冻结	证券转银行为什么转不了？	1.0
您好，新股中签会发短信通知吗？	新股上市首日委托买入为何作废？	0.0
新三板市场是如何披露信息？	新三板市场是怎么披露信息的？	1.0
如何转让中小企业私募债券？	如何转让中小企业私募债券？	1.0
怎样首次开通创业板	深市中小企业板块A股证券代码是多少？	0.0
新开户的佣金多少？	如何通过电话委托查询新股中签？	0.0
新三板股票协议转让的申报类型？	投诉上市公司什么样的证据合法有效？	0.0
新股中签，未及时缴款有什么影响？	我已开通创业板权限多年，为什么不能转签?	0.0
深圳市场大宗交易的条件？	忘记资金账号怎么办	0.0
三板交易权限如何取消？	三板交易权限如何取消？	1.0
A股账户销户有哪些注意事项？	A股账户销户有哪些注意事项？	1.0
信用账户开立后多长时间可以生效？	新股上市首日委托买入为何作废？	0.0
你好，我想证券转银行，为什么转不了？	证券转银行为什么转不了？	1.0
信用证券账户可以注销后重新开户吗？	信用证卷账户注销后能重新开户吗？	1.0
怎么钱转不出来	多少资金能达到多少的佣金？	0.0
新股申购的条件？	我申请打新股，为什么总是不符合条件呢	1.0
我的客户帐号忘了，怎么办？	新股上市首日委托买入为何作废？	0.0
我要转点钱急用，怎么转不出？	深圳市场大宗交易的条件？	0.0
深交所逆回购的起点金额？	深交所逆回购的起点金额？	1.0
交易佣金如何调整？	多少资金能达到多少的佣金？	0.0
手机账号忘记了怎么办	帐号也忘记了、	1.0
证券转银行为什么转不了？	今天证券转银行不行吗	1.0
A股股票配股与增发的缴款时间有何区别？	未办理外币银证转账业务的客户如何取款？	0.0
即时行情的新三板股票的条件有哪些？	新三板股票的即时行情包含哪些要素？	1.0
深圳交易所逆回购的起点要求是什么？	深交所逆回购的起点金额？	1.0
新股IPO网上发行制度有哪些修改？	个股分时图的成交量柱状线的颜色用金融终端怎么修改？	0.0
刚刚买的股票什么什么时候可以卖呀	股票可以当天买入当天卖出吗？	1.0
多少资金能达到多少的佣金？	你好！为什么将款转到银行卡转不出去	0.0
如何修改接收新股中签提醒短信的手机号码？	在手机版交易系统中怎么修改中签手机号码	1.0
怎么更换银行卡	如何更换银行卡？	1.0
我怎么才能卖出股票	深交所逆回购的起点金额？	0.0
去营业网点注销账户，需要带什么	如何注销证券账户？	1.0
为什么不能证券转银行这操作失败？	证券转银行为什么转不了？	1.0
我银行卡变更	如何更换银行卡？	1.0
既忘记客户编号又忘了密码怎么办	新股中签，未及时缴款有什么影响？	0.0
忘记客户编号怎么办？	客户编号忘记了如何找回？	1.0
我新股申购说不符合条件	新股申购的条件？	1.0
我的资金为什么转不出去呢？	深圳市场大宗交易的条件？	0.0
深圳市场大宗交易的条件？	新三板适合什么样的投资者？	0.0
怎么用电话的方式委托查询新股申购配号？	新股上市首日委托买入为何作废？	0.0
身份证过期必须去营业部更新吗？	身份证过期如何办理？	1.0
多少资金能达到多少的佣金？	你好 我怎么看佣金费率	0.0
要多久新三板交易？	深市中小企业板块A股证券代码是多少？	0.0
新股申购的条件？	新股不符合申购条件？	1.0
如何通过电话委托查询新股中签？	不好意思 我的资金密码太久没用忘记了 怎么找回来？	0.0
身份证到期影响账户交易吗？	身份证到期了，对账户交易有影响吗？	1.0
开通创业板权限对账户有什么要求？	深交所逆回购的起点金额？	0.0
手机账户密码忘记了怎么办	登陆密码忘了怎么办	1.0
账号和密码都忘记了怎么办	深市中小企业板块A股证券代码是多少？	0.0
B股以什么币种交易？	B股以什么币种交易？	1.0
创业板首次开通？	多少资金能达到多少的佣金？	0.0
新三板交易时间？	新三板交易时间？	1.0
股票可以当天买入当天卖出吗？	为什么我昨天买的股票为什么今天卖不去	1.0
我刚才为何银行资金转账到证券失败？	转账失败的原因？	1.0
我的钱转不出了	深圳市场大宗交易的条件？	0.0
新三板股票协议转让的申报类型？	网上开户上A股和深A股都要各收20元手续费吗？	0.0
客户编号忘记了，怎么登录	客户编号忘记了如何找回？	1.0
未办理外币银证转账业务的客户如何取款？	你好，如何达到申购新股条件	0.0
新股申购的市值计算范围？	信用账户融资买入的证券市值纳入新股申购市值中吗？	1.0
为什么我的账户银转证转不了呢？	证券转银行为什么转不了？	1.0
为什么我股票市值够一万这么久了也不符合打新条件	新股申购的条件？	1.0
新股上市首日委托买入为何作废？	。为什么不能登上开户	0.0
A股停牌原因有哪些？	A股停牌原因有哪些？	1.0
新三板协议转让的成交规则？	新三板协议转让的成交规则？	1.0
新股中签如何缴款？	新股中签如何缴款？	1.0
你好，我的账户怎么登陆不上呢	如何开户？	1.0
新股IPO网上发行制度有哪些修改？	参与深圳大宗交易有门槛限制吗	0.0
股票卖了资金怎么转出不来	当日卖出股票后可以转出资金吗？	1.0
转账失败的原因？	转账失败的原因？	1.0
为啥转不出钱	深圳市场大宗交易的条件？	0.0
三方存管，不换银行，光换账号，怎么办理	如何更换同一银行的三方存管银行卡？	1.0
如果竞价交易临时停牌，深交所怎么处理？	深交所对竞价交易临时停牌有何规定？	1.0
多少资金能达到多少的佣金？	忘记登录密码了怎么办	0.0
深交所逆回购的起点金额？	你好，刚卖掉的钱不能立刻转出来银行卡？	0.0
新三板股票协议转让的申报类型？	什么时候能确认深圳大宗交易的成交时间？	0.0
新股上市首日委托买入为何作废？	证转银未成功不知为什么？	0.0
手机账号忘记了怎么办	你好忘记账户编号	1.0
身份证过期了，如何上传新的证件？	多少资金能达到多少的佣金？	0.0
创业板权限开通的办理时间	深交所逆回购的起点金额？	0.0
证券转银行，怎么会冻结资金	新股中签，未及时缴款有什么影响？	0.0
请问证券转银行为什么转不了的？	证券转银行为什么转不了？	1.0
深市中小企业板块A股证券代码是多少？	咋样开通创业板	0.0
A股开户是否收费？	A股开户是否收费？	1.0
新股上市首日委托买入为何作废？	新股上市首日委托买入为何作废？	1.0
上海ST、*ST的交易条件有哪些？	上海ST、*ST股的交易规则？	1.0
怎么从银行转不了证券	深市中小企业板块A股证券代码是多少？	0.0
如何调整佣金费率？	调整手续费	1.0
新股申购额度超限的原因？	新股申购额度超限的原因？	1.0
股票可以当天买入当天卖出吗？	今天买的股票有分红吗	1.0
要怎样开通创业板	新股中签，未及时缴款有什么影响？	0.0
深交所逆回购的起点金额？	客户编号不记得了，可以找回吗？	0.0
今日卖了股票，资金什么时候转出	深圳市场大宗交易的条件？	0.0
新股申购是否需要预先冻结资金	深市中小企业板块A股证券代码是多少？	0.0
证券转银行为什么转不了？	我证卷有可取现金，但我转不了银行	1.0
登录账户忘记了	如何通过电话委托查询新股中签？	0.0
忘记资金密码怎么办？	怎样找回资金密码	1.0
成交量的颜色怎么设置？	如何修改金融终端个股分时图下方的成交量柱状线的颜色？	1.0
信用账户卖出证券得到现金想自动偿还负债，怎么办？	信用账户卖出证券得到现金怎么可以自动还负债？	1.0
账号登录密码忘了	新三板股票协议转让的申报类型？	0.0
新股申购有数量要求吗？	新股申购有数量要求吗？	1.0
所有发行的新股都能网下新股申购吗？	多少资金能达到多少的佣金？	0.0
当日买入可以当日卖出不	股票可以当天买入当天卖出吗？	1.0
新开户手续费多少	网上开户佣金是多少？	1.0
如何调整融资融券授信额度？	深市中小企业板块A股证券代码是多少？	0.0
信用账户的现金资产为何不能进行新股中签款缴款？	新股中签，未及时缴款有什么影响？	0.0
未办理外币银证转账业务的客户如何取款？	新三板企业的限售期？	0.0
证券转银行为什么转不了？	为什么银转证转不了	1.0
新股IPO网上发行制度有哪些修改？	新三板企业的限售期是什么时候呀	0.0
新股上市首日委托买入为何作废？	信用账户操作配股的方法	0.0
证券转银行为什么转不了？	为什么银行无法转证卷？	1.0
如何注销证券账户？	请问，股票账户可以通过网上注销么？	1.0
人民币特种股票是否可以作为融资融券的担保品？	B股股票能作为融资融券的担保品吗？	1.0
我之前开的户还能用吗	新股上市首日委托买入为何作废？	0.0
为什么我的账号不能转钱进去了	为何账户有资金无法转出？	1.0
转账失败的原因？	你好，请问为何我的邮政储蓄银行转账不到帐户？	1.0
新股上市首日委托买入为何作废？	中小板需要开通吗？	0.0
当日卖出股票后可以转出资金吗？	我刚卖了股票为什么钱不能从证券转银行	1.0
费用是多少	新股上市首日委托买入为何作废？	0.0
怎样区别A股和港股的显示颜色？	新股中签，未及时缴款有什么影响？	0.0
证券转银行为什么转不了？	为什么我的账户证券转银行转不出去？	1.0
新股IPO网上发行制度有哪些修改？	怎么开户呀	0.0
上海ST、*ST股的交易规则？	上海ST、*ST股的交易规则？	1.0
多少资金能达到多少的佣金？	佣金多少？	1.0
创业板权限转签如何操作？	创业板转签需要先在我开始开户的地方开通转签权限？	1.0
交易佣金如何调整？	如何调整佣金费率？	1.0
证劵钱转银行 怎么转不了 怎么回事	新三板股票协议转让的申报类型？	0.0
深市中小企业板块A股证券代码是多少？	股票佣金是什么	0.0
现在怎么不能交易了？	股票的交易时间？	1.0
忘了账号了	手机账号忘记了怎么办	1.0
能给我开通创业板吗	创业板如何开通	1.0
深市中小企业板块A股证券代码是多少？	深港通股票为A+H股的，A股停牌与H股停牌是否同步？	0.0
我账号密码忘了	新股上市首日委托买入为何作废？	0.0
深市中小企业板块A股证券代码是多少？	我想把钱转到银行，怎么转不出	0.0
证券转银行为什么转不了？	银转证咋转不了呀	1.0
为什么我昨天买的股票为什么今天卖不去	深交所逆回购的起点金额？	0.0
如何调整佣金费率？	如何调整佣金	1.0
我想问下，开户交易手续费是多少	新股上市首日委托买入为何作废？	0.0
客户编号忘记了如何找回？	我的客户帐号忘了，怎么办？	1.0
未办理外币银证转账业务的客户如何取款？	忘记了客户编码	0.0
身份证到期了会影响账户交易吗？	身份证到期影响账户交易吗？	1.0
信用账户交易允许市价委托吗？	市价委托可以在信用账户交易卖出是使用吗？	1.0
创业板如何开通	要办理创业板	1.0
新股申购何时可以挂单?	新股最早何时可挂单？	1.0
未办理外币银证转账业务的客户如何取款？	深港通跟沪港通的额度能共用吗？	0.0
新股能否多次申购	同一新股可多次申购吗？	1.0
投诉上市公司什么样的证据合法有效？	投诉上市公司需要哪些证据？	1.0
如何通过电话委托查询新股中签？	你好，我想咨询一下，开通创业板权限需要什么要求	0.0
深交所逆回购的起点金额？	咨询下，新三板购买权限如何开通	0.0
我上周三开通的创业板	新三板股票协议转让的申报类型？	0.0
深交所逆回购的起点金额？	信用账户对应银行的券商代码？	0.0
我那个证转银怎么被冻结了	证券转银行为什么转不了？	1.0
当天股票卖出资金能转到银行卡吗	当日卖出股票后可以转出资金吗？	1.0
深交所逆回购的起点金额？	现在可以交易吗	0.0
我忘记了交易帐号	忘记交易密码怎么办？	1.0
在这开户佣金多少	新股上市首日委托买入为何作废？	0.0
深市港股通的投资者可以办理港股的转托管吗？	深圳市场大宗交易的条件？	0.0
新股申购中签后有资金的情况下直接冻结吗	新股申购时会冻结资金吗？	1.0
钱转不进来	为何账户有资金无法转出？	1.0
请问怎样开户	如何开户？	1.0
我账号密码忘了	手机账户密码忘记了怎么办	1.0
找回我的客户编号	客户编号忘记了如何找回？	1.0
创业板如何开通	请问要怎样开通创业版	1.0
亲，怎样改交易密码和通讯密码	深交所逆回购的起点金额？	0.0
深圳市场大宗交易的条件？	请问我的手续费是多少	0.0
新股IPO网上发行制度有哪些修改？	B股证券代码深交所的是如何编制的？	0.0
股票可以当天买入当天卖出吗？	今天卖出的股票，是今天的吗？	1.0
请问深圳市场的债券交易方式分为哪几种	新三板股票协议转让的申报类型？	0.0
手机账户密码忘记了怎么办	登入密码忘记怎么办	1.0
为何账户有资金无法转出？	为什么资金转不出去？	1.0
如何开创业板	多少资金能达到多少的佣金？	0.0
深交所逆回购的起点金额？	佣金手续费多少	0.0
交易佣金如何调整？	新三板股票协议转让的申报类型？	0.0
能给我个详细的深港通的标的股票范围吗	深港通标的股票范围？	1.0
新三板股票协议转让的申报类型？	请问如果我中签新，你们给发短通知吗	0.0
转不了钱进帐户	新股IPO网上发行制度有哪些修改？	0.0
客户编号忘记了如何找回？	我忘记客户编码了	1.0
佣金能调整吗，感觉好高	新股IPO网上发行制度有哪些修改？	0.0
多少资金能达到多少的佣金？	我佣金是多少	1.0
A股开户是否收费？	A股开户需要收费吗	1.0
未办理外币银证转账业务的客户如何取款？	未办理外币银证转账业务的客户如何取款？	1.0
如何通过电话委托查询新股中签？	你好！请问一下我的银证不能转账到银行	0.0
为什么我转不出资金	为何账户有资金无法转出？	1.0
怎么开通中小板和创业板账户	创业板如何开通	1.0
对于竞价交易临时停牌，上交所有什么规定？	新股上市首日委托买入为何作废？	0.0
创业板权限转签	新股IPO网上发行制度有哪些修改？	0.0
深圳市场大宗交易的条件？	账户登录不上	0.0
我把账号忘了	手机账号忘记了怎么办	1.0
新股申购何时可以挂单?	新三板股票协议转让的申报类型？	0.0
新股上市首日委托买入为何作废？	现在开户的话佣金多少呢？	0.0
请问下第三方存管银行可以变更吗	新三板股票协议转让的申报类型？	0.0
什么是信用账户销户的条件？	多少资金能达到多少的佣金？	0.0
新股申购的条件？	你好，请问申购新股要什么条件	1.0
我今天买的股票，什么时候可以卖？	深交所逆回购的起点金额？	0.0
上交所新股上市首日有效申报价格的范围？	上交所新股上市首日有效申报价格的范围？	1.0
深市中小企业板块A股证券代码是多少？	银行怎么转不了证卷?	0.0
为什么资金可用不可取？	为什么资金可用不可取？	1.0
我的信用账户有一个配债，不知道怎么操作？	深交所逆回购的起点金额？	0.0
我的好像已经开通创业板了	深市中小企业板块A股证券代码是多少？	0.0
股票交易费用	交易收费	1.0
开通创业板权限有什么要求吗？	新股上市首日委托买入为何作废？	0.0
信用账户可以网上开通吗？	信用账户在网上能开通吗？	1.0
未办理外币银证转账业务的客户如何取款？	可用的钱为什么不可取	0.0
如何注销证券账户？	如何注销证券账户？	1.0
中了新股怎么缴款啊	新股中签如何缴款？	1.0
信用账户销户条件？	信用账户销户的条件有哪些？	1.0
证券转银行为什么转不了？	银行转入证券，为什么用不了？	1.0
忘记交易密码是什么怎么办	多少资金能达到多少的佣金？	0.0
深市中小企业板块A股证券代码是多少？	您好，我的账户已经开通上深，怎么开通创业板权限	0.0
手机账户密码忘记了怎么办	我的登陆密码忘了怎么办	1.0
亲，怎样改交易密码和通讯密码	如何修改账户交易密码？	1.0
未办理外币银证转账业务的客户如何取款？	新三板股票的即时行情包含哪些要素？	0.0
我想开通购买创业板的权限，怎么办理？	创业板权限开通的办理时间	1.0
佣金怎么看	深市中小企业板块A股证券代码是多少？	0.0
我的资金转不出来	如何通过电话委托查询新股中签？	0.0
如何才可以买股票？	可以直接买A股？	1.0
创业板如何开通	我想问一下怎么开通创业板	1.0
网下打新申报价格有什么规定？	网下打新申报价格有什么规定？	1.0
深市中小企业板块A股证券代码是多少？	你好，佣金多少	0.0
新三板股票协议转让的申报类型？	理财账户的开户费是多少？	0.0
新股申购可以撤单吗？	新股审购显示未成交能撤单吗？	1.0
手机App里开户后，如何绑定第三方存管	自助开户后如何补办三方存管？	1.0
未办理外币银证转账业务的客户如何取款？	请问今天卖掉股票的钱今天不能转账回银行吗？	0.0
新三板有哪些指数？	新三板有几种指数类型？分别是什么?	1.0
深圳市场大宗交易的条件？	你好，请问我要什么资格才能申购新股？	0.0
多少资金能达到多少的佣金？	为什么证券转银行不行?	0.0
如何交易股票	新股IPO网上发行制度有哪些修改？	0.0
未办理外币银证转账业务的客户如何取款？	不允许取款的原因?	0.0
新三板股票协议转让的申报类型？	新股上市首日委托买入为何作废？	0.0
为何账户有资金无法转出？	资金为什么转不出	1.0
交易密码忘记	忘记交易密码怎么办？	1.0
新股IPO网上发行制度有哪些修改？	如何查询是否已开创业板	0.0
新三板股票协议转让的申报类型？	怎么调整佣金呢，佣金太高了	0.0
我忘了我的登录账号和密码	手机账户密码忘记了怎么办	1.0
app开户佣金多少	深圳市场大宗交易的条件？	0.0
新股申购中签会有通知吗	新股IPO网上发行制度有哪些修改？	0.0
一般情况佣金是多少	多少资金能达到多少的佣金？	1.0
网上开户佣金是多少？	股票开户佣金多少？	1.0
深圳市场大宗交易的条件？	上交所逆回购品种和代码有哪些？	0.0
为什么我的钱转不出来呢	新股IPO网上发行制度有哪些修改？	0.0
深交所逆回购的起点金额？	佣金费用是多少？	0.0
为什么我的帐户不能转款	为何账户有资金无法转出？	1.0
信用账户开立后几日生效？	深市中小企业板块A股证券代码是多少？	0.0
是今天刚卖出的，想把钱转到银行帐户，为什么转不出？	深市中小企业板块A股证券代码是多少？	0.0
打新股需要什么要求	新股中签，未及时缴款有什么影响？	0.0
怎样更换银行卡	如何通过电话委托查询新股中签？	0.0
？怎么不能转钱出来	深圳市场大宗交易的条件？	0.0
新三板股票协议转让的申报类型？	请问为什么转不出去钱？	0.0
今天股票卖了。今天钱可以转银行卡吗	如何通过电话委托查询新股中签？	0.0
帮忙开通创业板	创业板如何开通	1.0
交易密码忘记了该怎么办？	忘记交易密码怎么办？	1.0
信用证券账户可以注销后重新开户吗？	如何通过电话委托查询新股中签？	0.0
深市中小企业板块A股证券代码是多少？	想问下怎么知道自己开通创业板呢	0.0
ST股票为何无法买入？	在这签了风险还不能买ST的为什么	1.0
新股IPO网上发行制度有哪些修改？	登录密码忘了	0.0
信用交易密码忘了怎么办？	忘记交易密码怎么办？	1.0
新股上市首日委托买入为何作废？	深交所人民币特种股证券代码是根据什么编制的？	0.0
账号登陆不上	如何开户？	1.0
证券转银行为什么转不了？	证券转银行为什么转不了？	1.0
身份证到期影响账户交易吗？	身份证过期了，还可以进行账户交易吗？	1.0
信用账户交易允许市价委托吗？	信用账户交易卖出可以使用市价委托吗？	1.0
新三板做市转让的申报规则？	您好，新三板做市转让的申报规则是怎样的？	1.0
深交所转股的申报数量是以什么方式填写的？	深交所转股申报数量如何填写？	1.0
未办理外币银证转账业务的客户如何取款？	您好，请问申购沪证新股的条件。	0.0
上市公司收购可采取哪些方式？	通过什么方式可以进行上市公司收购？	1.0
如何交易股票？	如何交易股票？	1.0
如何注销与理财账户相关联的银行卡？	我想把跟理财账户相关的银行卡取消了，要怎么做？	1.0
创业板权限首次开通？	您好 开通创业板权限必须到柜台吗	1.0
A股和港股通退市制度的区别	如何区分港股通和A股的退市制度？	1.0
股票什么时间开始交易	新股中签，未及时缴款有什么影响？	0.0
新三板股票协议转让的申报类型？	怎样变更第三方存管银行卡	0.0
未办理外币银证转账业务的客户如何取款？	怎么转不出资金	0.0
开通创业板权限对账户有什么要求？	您好，我的账户已经开通上深，怎么开通创业板权限	1.0
新股上市前一交易日晚上能否提前下单？	新股上市前一交易日晚上能否提前下单？	1.0
B股交易的费用？	新股上市首日委托买入为何作废？	0.0
如何便捷地修改成本价	深交所逆回购的起点金额？	0.0
上交所新股上市首日临时停牌期间接受委托吗？	新股IPO网上发行制度有哪些修改？	0.0
新股IPO网上发行制度有哪些修改？	我可以开通创业板吗？	0.0
新股上市首日委托买入为何作废？	深交所转股申报数量如何填写？	0.0
交易登录密码忘了……	新股中签，未及时缴款有什么影响？	0.0
信用账户开通条件	办理融资融卷需要什么条件？	1.0
当日卖出股票后可以转出资金吗？	今天卖出的股票，钱要多久可以转进银行	1.0
网下打新的备案条件？	网下打新的备案条件？	1.0
新股上市首日委托买入为何作废？	为什么不能登录客户号	0.0
手机账户密码忘记了怎么办	既忘记客户编号又忘了密码怎么办	1.0
还有一个问题今天申购了一个新股，新股会把余额线冻结吗？谢谢	新股申购时会冻结资金吗？	1.0
忘记资金密码怎么办？	资金密码给忘记了，	1.0
创业板如何开通	怎样开通创业板？	1.0
新三板的投资者有哪些？	新三板的投资者有哪些？	1.0
深市港股通开通条件	个人投资者开通深港通的条件	1.0
新三板股票协议转让的申报类型？	如何取消三板交易权限？	0.0
忘记了客户号码	手机账号忘记了怎么办	1.0
创业版如何开通	多少资金能达到多少的佣金？	0.0
您好！请问我的交易佣金怎么查询	如何查询佣金费率？	1.0
是今天刚卖出的，想把钱转到银行帐户，为什么转不出？	当日卖出股票后可以转出资金吗？	1.0
您好！我忘了资金密码。	忘记资金密码怎么办？	1.0
如何查询佣金费率？	佣金怎么看	1.0
新股中签，未及时缴款有什么影响？	信用账户的股票可以申购ETF基金吗？	0.0
如何通过电话委托查询新股中签？	网上开户佣金是多少	0.0
如何修改账户资金密码？	资金账户密码如何找回	1.0
如何开创业板	创业板如何开通	1.0
深市中小企业板块A股证券代码是多少？	怎么转钱失败	0.0
新三板股票协议转让的申报类型？	怎么在信用账户操作配债？	0.0
新股中签，未及时缴款有什么影响？	忘记账户密码	0.0
新股申购的条件？	新股申购的条件？	1.0
忘记登陆密码	手机账户密码忘记了怎么办	1.0
为何账户有资金无法转出？	为什么我的账户资金转不出	1.0
新三板股票协议转让的申报类型？	手机如何在信用账户申购新股？	0.0
深圳市场大宗交易的条件？	我忘了证券账号可以查吗	0.0
申请期权交易权限需具备哪些模拟交易经历？	新三板股票协议转让的申报类型？	0.0
信用证券账户卡遗失应如何处理？	信用证券账户卡遗失应如何处理？	1.0
上市公司进行重大资产重组，停牌时间最长期限是多久？	新股中签，未及时缴款有什么影响？	0.0
如何修改账户交易密码？	如何修改账户交易密码？	1.0
网上交易权限取消的方法是什么	网上委托权限如何取消？	1.0
多少资金能达到多少的佣金？	为何不能登录账户？	0.0
忘记交易密码怎么办？	我的交易密码怎么不对	1.0
证券转银行怎么转不了啊？	新股上市首日委托买入为何作废？	0.0
深交所逆回购的起点金额？	交易密码忘记	0.0
如何查询佣金费率？	查看佣金	1.0
未办理外币银证转账业务的客户如何取款？	请问怎么找回客户编号	0.0
未办理外币银证转账业务的客户如何取款？	我开通上海A股，他显示异常	0.0
如何更换银行卡？	变更银行卡必须去银行吗	1.0
客户编号忘了	客户编号忘记了如何找回？	1.0
为什么深市新股配号有小数点后两位的	深圳市场的新股配号为何有小数点？	1.0
新股申购有何注意事项？	新股申购有何注意事项？	1.0
未办理外币银证转账业务的客户如何取款？	*st股票在什么情况下退市？	0.0
证券转银行为什么转不了？	证转银无法转出	1.0
多少资金能达到多少的佣金？	为什么资金转入会提示失败的	0.0
深圳市场大宗交易的条件？	要什么样的条件才能申购新股	0.0
A股账户销户有哪些注意事项？	深市中小企业板块A股证券代码是多少？	0.0
你好，我的上海A股为什么开通不了呢？	如何开户？	1.0
信用账户的股票可以申购ETF基金吗？	信用账户的股票可以申购ETF基金吗？	1.0
忘记资金密码怎么办？	资金密码忘记	1.0
我的软件买不了ST的股，怎么开	ST股票为何无法买入？	1.0
新股IPO网上发行制度有哪些修改？	您好，我不能申购新股，不知道少什么条件	0.0
新股上市首日委托买入为何作废？	证券里的钱转不出来	0.0
忘记交易密码怎么办？	你好，交易密码忘记了，怎么办？	1.0
新股申购后会不会冻结资金	新股申购时会冻结资金吗？	1.0
资金转入失败咋弄	为何账户有资金无法转出？	1.0
新三板市场的信息是怎样披露的?	新股IPO网上发行制度有哪些修改？	0.0
B股的委托申报方式？	B股的委托申报方式？	1.0
新股IPO网上发行制度有哪些修改？	怎么了，银行转不了钱	0.0
证券转银行为什么转不了？	请问账户为什么转不了银行？	1.0
即时行情的新三板股票的条件有哪些？	未办理外币银证转账业务的客户如何取款？	0.0
新三板的投资者都是什么类型的？	新三板的投资者有哪些？	1.0
客户编号忘记了如何找回？	我的客户编号忘了.怎么找回?	1.0
信用账户的现金资产为何不能进行新股中签款缴款？	信用账户的现金资金不能进行新股中签款缴款的原因是什么？	1.0
为何账户有资金无法转出？	为什么我的钱转不出来呢	1.0
多少资金能达到多少的佣金？	登入密码忘了	0.0
深市中小企业板块A股证券代码是多少？	如何交易股票？	0.0
A股账户如何转户？	您好，请问从其他证券公司转户怎么转	1.0
深市中小企业板块A股证券代码是多少？	开创业板	0.0
信用账户可以参与逆回购吗？	信用账户可以参与逆回购吗？	1.0
新股IPO网上发行制度有哪些修改？	我的帐号和密码都忘了怎么办	0.0
创业版如何开通	创业板如何开通	1.0
这股票什么时候交易	股票的交易时间？	1.0
深交所债券的费用都包括什么？	新三板股票协议转让的申报类型？	0.0
已经开户了，但登录时要帐号	如何开户？	1.0
新股上市的第一天支持市价委托吗	新股上市首日接受市价委托吗？	1.0
信用账户可以操作要约收购吗？	信用账户可以操作要约收购吗？	1.0
如何更换同一银行的三方存管银行卡？	如何更改第三方存管银行？	1.0
身份证号码变更后如何修改？	身份证号码变更后如何修改？	1.0
新股IPO网上发行制度有哪些修改？	如何修改接收新股中签提醒短信的手机号码？	0.0
你好，我想注销三方存管，怎么操作	如何通过电话委托查询新股中签？	0.0
新三板股票协议转让的申报类型？	转让中小企业私募债券的方式是什么？	0.0
B股交易手续费？	B股交易的费用？	1.0
证券转银行为什么转不了？	请问我的证券转银行成功了吗	1.0
ST股票为何无法买入？	不能买*ST股票	1.0
上市公司进行重大资产重组，停牌时间最长期限是多久？	上市公司进行重大资产重组，停牌时间最长期限是多久？	1.0
新股上市首日委托买入为何作废？	周五卖出股票钱，周六能转到银行卡吗	0.0
三方存管，不换银行，光换账号，怎么办理	新股中签，未及时缴款有什么影响？	0.0
如何收取股票交易佣金？	如何收取股票交易佣金？	1.0
未办理外币银证转账业务的客户如何取款？	网下打新缴款账号和三方存管银行账号是相同的吗？	0.0
手机账号忘记了怎么办	忘了帐号怎么办	1.0
我的帐户怎么开呀	如何开户？	1.0
你好，我为啥证券转银行转不了呢？	证券转银行为什么转不了？	1.0
不知道现在佣金费率是多少？	如何查询佣金费率？	1.0
多少资金能达到多少的佣金？	您好，你们的手续费是多少？	1.0
我知道密码，但是账号忘记啦	手机账户密码忘记了怎么办	1.0
证券转银行为什么转不了？	银转证怎么转不了	1.0
深交所逆回购的起点金额？	资金可用和可取是什么意思？	0.0
上证基金通如何修改分红方式	新三板股票协议转让的申报类型？	0.0
我交易秘码忘了，	忘记交易密码怎么办？	1.0
开通创业板权限对账户有什么要求？	开通创业板权限对账户有什么要求？	1.0
深圳市场大宗交易的条件？	我已开户	0.0
新开户手续费多少	深圳市场大宗交易的条件？	0.0
未办理外币银证转账业务的客户如何取款？	新股IPO网上发行制度有哪些修改？	0.0
新股IPO网上发行制度有哪些修改？	我忘记交易账号了怎么办	0.0
请问我想撤销当日的深交所转股，要怎么操作？	深市中小企业板块A股证券代码是多少？	0.0
新三板股票的编码规则？	深圳市场大宗交易的条件？	0.0
创业板如何开通	创业板如何开通?	1.0
积成电子停牌原因是什么	新三板股票协议转让的申报类型？	0.0
新三板股票协议转让的申报类型？	我的佣金手续费是多少？	0.0
手机账户密码忘记了怎么办	如何通过电话委托查询新股中签？	0.0
不知道现在佣金费率是多少？	新股上市首日委托买入为何作废？	0.0
新三板股票转让交易的费用有什么？	深交所逆回购的起点金额？	0.0
深港通股票交易如何操作？	深港通股票交易如何操作？	1.0
新股IPO网上发行制度有哪些修改？	股票交易手续费	0.0
为什么我要买ST的股票不让购入呢	ST股票为何无法买入？	1.0
股票手续费怎么收	未办理外币银证转账业务的客户如何取款？	0.0
貌似我现在无法银证转账呢？	新三板股票协议转让的申报类型？	0.0
新三板市场是如何披露信息？	新股上市首日委托买入为何作废？	0.0
深交所逆回购的起点金额？	你们的佣金多少	0.0
现在银转证怎么转不了？	新股IPO网上发行制度有哪些修改？	0.0
忘记交易密码怎么办？	未办理外币银证转账业务的客户如何取款？	0.0
忘记交易密码怎么办？	我忘了交易密码了？怎么办呢？	1.0
在吗？当天交易卖出的钱，当天能转到银行账户吗？	新股中签，未及时缴款有什么影响？	0.0
怎么才能把股票卖出去	新股上市首日委托买入为何作废？	0.0
为什么申购不了新股	深圳市场大宗交易的条件？	0.0
我转银行突然冻结了	新三板股票协议转让的申报类型？	0.0
注销后重新开户信用证卷账户能行吗？	信用证券账户可以注销后重新开户吗？	1.0
我的账号忘了能告诉我吗	深圳市场大宗交易的条件？	0.0
网上申购的数量有何限制？	网上申购的数量有何限制？	1.0
满足什么条件才能参与深市的大宗交易	如何通过电话委托查询新股中签？	0.0
转账失败的原因	转账失败的原因？	1.0
新股上市首日委托买入为何作废？	你好，忘了登入密码怎么办	0.0
什么情况？钱转不出来？	为何账户有资金无法转出？	1.0
如何查佣金	如何查询佣金费率？	1.0
深圳市场大宗交易的条件？	第三方存管换一个新的卡，同一个银行，如何操作	0.0
B股股票能作为融资融券的担保品吗？	B股股票怎么作为融资融券的担保品？	1.0
新股中签是自动缴款吗	新股中签如何缴款？	1.0
A股和港股的显示颜色有什么区别？	A股和港股的显示颜色有什么不一样？？	1.0
深交所逆回购的起点金额？	忘记交易登入密码	0.0
你好 我银证转账从银行转证券怎么转不成功	转账失败的原因？	1.0
帮忙开通创业板	多少资金能达到多少的佣金？	0.0
如何通过电话委托查询新股中签？	B股交易也是T+1？	0.0
已经开过户	新股上市首日委托买入为何作废？	0.0
为什么我的账户证券转银行转不出去？	深交所逆回购的起点金额？	0.0
新股IPO网上发行制度有哪些修改？	新股中签，未及时缴款有什么影响？	0.0
多少资金能达到多少的佣金？	深市中小企业板块A股证券代码是多少？	0.0
忘了账户	手机账号忘记了怎么办	1.0
请问我的手续费多少？	深市中小企业板块A股证券代码是多少？	0.0
今天卖了股票的钱今天能取到银行卡不？	多少资金能达到多少的佣金？	0.0
证券转银行为什么转不了？	为什么资金转出失败	1.0
证券转银行为什么转不了？	我的资金转不出银行的	1.0
未办理外币银证转账业务的客户如何取款？	我的股票交易佣金	0.0
多少资金能达到多少的佣金？	为什么资金转不出去	0.0
股票的交易时间？	A股交易时间	1.0
请问登陆密码忘了怎么办	多少资金能达到多少的佣金？	0.0
新三板股票申报价格是否有涨跌幅限制？	新三板股票申报价格是否有涨跌幅限制？	1.0
已经开户了	深市中小企业板块A股证券代码是多少？	0.0
如何调整佣金费率？	如何调整A股的佣金？	1.0
佣金费率是多少	多少资金能达到多少的佣金？	1.0
资金转不出来？	深交所逆回购的起点金额？	0.0
创业板权限首次开通？	新股中签，未及时缴款有什么影响？	0.0
新股上市首日委托买入为何作废？	为什么我的资金不能转银行	0.0
证券转银行为什么转不了？	转出到银行的资金冻结	1.0
为何账户有资金无法转出？	为啥转不进来资金	1.0
新三板股票协议转让的申报类型？	账号不能登入	0.0
新股中签应该怎样缴款呢	新股中签如何缴款？	1.0
深市中小企业板块A股证券代码是多少？	用微信能开户吗	0.0
如何开户？	登陆编号是什么	1.0
证券转银行为什么转不了？	为什么资金从证券转不了银行的	1.0
怎么调整佣金呢，佣金太高了	如何调整佣金费率？	1.0
新股上市首日委托买入为何作废？	深交所转股申报当日如何撤销？	0.0
新股IPO网上发行制度有哪些修改？	已经开户了，怎么登	0.0
忘记资金密码怎么办？	资金密码忘了	1.0
新股中签后到上市交易需多长时间？	新股中签，未及时缴款有什么影响？	0.0
新股上市首日委托买入为何作废？	登陆密码忘记怎么办	0.0
未办理外币银证转账业务的客户如何取款？	银行转钱到你们证券有时间规定吗	0.0
如何开户？	请问我的帐号为什么登陆不上。	1.0
我不是在柜台开户的也可以吗	如何开户？	1.0
70岁以上自然人可以手机开户吗?	新三板股票协议转让的申报类型？	0.0
信用账户卖出证券得到现金想自动偿还负债，怎么办？	信用账户卖出证券得到现金想自动偿还负债，怎么办？	1.0
我想把钱转到银行，怎么转不出	证券转银行为什么转不了？	1.0
新股IPO网上发行制度有哪些修改？	怎么转不出来，钱	0.0
深市中小企业板块A股证券代码是多少？	交易佣金收取情况可以通过什么方式查找？	0.0
客户编号忘记了如何找回？	我昨天开户的，忘记了我的帐号	1.0
当日卖出股票后可以转出资金吗？	我刚卖出的股票资金什么转出	1.0
新股申购时会冻结资金吗？	新股申购时会冻结资金吗？	1.0
上交所新股上市第一天的有效申报价格范围有怎样的规定	上交所新股上市首日有效申报价格的范围？	1.0
如何通过电话委托查询新股中签？	如何通过电话委托查询新股中签？	1.0
证券转银行为什么转不了？	银转证。转不了。	1.0
如何重置信用账户密码？	如何重置信用账户密码？	1.0
昨天卖的股今天提不出款来吗？	当日卖出股票后可以转出资金吗？	1.0
如何通过电话委托查询新股中签？	如何查佣金	0.0
ST股票为何无法买入？	我买不了ST股是怎么回事呀	1.0
申请开立信用账户有什么条件？	深交所逆回购的起点金额？	0.0
A股账户如何转户？	A股账户如何转户？	1.0
如何通过电话委托查询新股中签？	请问帐号忘记了怎么办	0.0
新股上市首日委托买入为何作废？	为什么资金从银行转不了？	0.0
新股IPO网上发行制度有哪些修改？	我已经开了	0.0
开通创业版	创业板如何开通	1.0
怎么转不了钱进去	为何账户有资金无法转出？	1.0
客户编号忘记了如何找回？	客户编号忘了，怎么找回	1.0
证券转银行转不了什么情况	证券转银行为什么转不了？	1.0
如何通过电话委托查询新股中签？	当日卖出的股票资金会在当天3点收市能转出吗？	0.0
我原来网上开通的账户 怎么注销	多少资金能达到多少的佣金？	0.0
我的交易‘密码怎么找回密码	忘记交易密码怎么办？	1.0
忘记交易密码怎么办？	交易密码忘了	1.0
申购新股后为何查询不到配号？	请问申购的新股为什么没有配号？	1.0
您好，忘记了登录密码	未办理外币银证转账业务的客户如何取款？	0.0
新三板股票协议转让的申报类型？	登录不成功，是什么原因	0.0
深交所逆回购的起点金额？	我的账户怎么不能登陆	0.0
多少资金能达到多少的佣金？	怎么开	0.0
新股IPO网上发行制度有哪些修改？	如何区分A股和港股的显示颜色？	0.0
手机账户密码忘记了怎么办	我登录密码忘了	1.0
我想知道调整期权交易权限的具体流程	如何调整期权交易权限？	1.0
多少资金能达到多少的佣金？	市价委托可以在信用账户交易卖出是使用吗？	0.0
银行无法转入证券	证券转银行为什么转不了？	1.0
创业板如何开通	怎么开创业板	1.0
可以开通多个港股通账户吗？	同一客户可以开通多个港股通交易权限吗？	1.0
新股中签，未及时缴款有什么影响？	我想自助调整融资融券授信额度具体要怎么操作？	0.0
为什么现在不能交易	新股中签，未及时缴款有什么影响？	0.0
如何查询佣金费率？	怎样查看我的佣金	1.0
新三板协议成交的方式有哪几种？	新三板股票协议转让的申报类型？	1.0
每天股票的交易时间	股票的交易时间？	1.0
新股IPO网上发行制度有哪些修改？	开创业	0.0
同一新股可多次申购吗？	同一新股可多次申购吗？	1.0
手机账号忘记了怎么办	我忘记了我的账户	1.0
深圳市场大宗交易的条件？	如何修改成本价数值？	0.0
我那个信用账户持有的股票该咋样行使投票权呢	信用账户持有的股票如何行使投票权？	1.0
我忘记交易账号了怎么办	手机账号忘记了怎么办	1.0
新三板市场是如何披露信息？	新三板市场是如何披露信息？	1.0
新股中签应该怎样缴款呢	新股上市首日委托买入为何作废？	0.0
哪些是B股的委托申报方式？	B股的委托申报方式？	1.0
深圳市场大宗交易的条件？	未办理外币银证转账业务的客户如何取款？	0.0
新三板股票协议转让的申报类型？	创业板帮我开通下	0.0
现在开户的话佣金多少呢？	网上开户佣金是多少？	1.0
如何查询佣金费率？	多少资金能达到多少的佣金？	0.0
新股申购额度超限的原因？	新股中签，未及时缴款有什么影响？	0.0
客户编号忘记了如何找回？	我的交易账号因为手机损坏忘记了，请问如何找回	1.0
深市中小企业板块A股证券代码是多少？	我的钱怎么转不了银行“呢？	0.0
客户编号忘记了如何找回？	亲，我帐号忘记了，咋查	1.0
上交所债券质押式回购竞价交易的有效竞价范围包括什么呢	新三板股票协议转让的申报类型？	0.0
就是证券转银行转不出来为什么	证券转银行为什么转不了？	1.0
新股申购时会冻结资金吗？	新股申购是否需要预先冻结资金	1.0
为什么我刚才的股票不能卖	如何才可以买股票？	1.0
请问如何开通创业板	多少资金能达到多少的佣金？	0.0
B股最后交易日	B股的交易时间？	1.0
资金密码给忘记了，	深圳市场大宗交易的条件？	0.0
你好，忘记登录密码怎么办呢？	多少资金能达到多少的佣金？	0.0
新股IPO网上发行制度有哪些修改？	深市A股的增发代码是什么？	0.0
可以开户吗	深圳市场大宗交易的条件？	0.0
深交所逆回购的起点金额？	你好，想咨询一下申购新股需要什么条件	0.0
股票帐号怎么查询	未办理外币银证转账业务的客户如何取款？	0.0
如何修改账户交易密码？	怎么登陆交易帐号和密码总是说错误?	1.0
未办理外币银证转账业务的客户如何取款？	如何注销信用账户？	0.0
新股申购的条件？	为什么申购不了新股	1.0
新三板股票的即时行情包含哪些要素？	新三板股票的即时行情包含哪些要素？	1.0
新股中签，未及时缴款有什么影响？	忘记登录客户编号怎么办	0.0
申购深证新股需要哪些条件	新股申购的条件？	1.0
您好！请问我的交易佣金怎么查询	如何通过电话委托查询新股中签？	0.0
新股ipo网上发行制度修改了什么？	新股IPO网上发行制度有哪些修改？	1.0
我要调整下佣金费	深市中小企业板块A股证券代码是多少？	0.0
深交所逆回购的起点金额？	信用账户使用有哪方面的限制？	0.0
亲，我帐号忘记了，咋查	新股上市首日委托买入为何作废？	0.0
新三板权限开通流程？	新三板股票协议转让的申报类型？	0.0
我的交易密码不对呀	新股上市首日委托买入为何作废？	0.0
上交所股东大会网络投票平台网址？	上交所股东大会网络投票平台网址？	1.0
深市中小企业板块A股证券代码是多少？	有什么办法可以取消第三方存管？	0.0
你好，怎么知道自己开通了创业板吗	未办理外币银证转账业务的客户如何取款？	0.0
我的帳號忘了	手机账号忘记了怎么办	1.0
未办理外币银证转账业务的客户如何取款？	股票佣金	0.0
想问下怎么开创业板	新三板股票协议转让的申报类型？	0.0
我的资金密码忘记了怎么找回	忘记资金密码怎么办？	1.0
新三板做市转让的申报有哪些条件？	多少资金能达到多少的佣金？	0.0
深交所债券质押式回购竞价交易的有效竞价范围？	深交所债券质押式回购竞价交易的有效竞价范围？	1.0
银行转证券失败	证券转银行为什么转不了？	1.0
什么条件可以申购新股	多少资金能达到多少的佣金？	0.0
深市中小企业板块A股证券代码是多少？	新股上市前一交易日晚上能否提前下单？	0.0
什么是深交所债券质押式回购竞价交易的有效竞价范围？	深交所债券质押式回购竞价交易的有效竞价范围？	1.0
有哪些模拟交易经历就可以申请期权交易权限了？	申请期权交易权限需具备哪些模拟交易经历？	1.0
深圳市场大宗交易的条件？	怎么开通创业板呀	0.0
深圳市场大宗交易的条件？	上海ST、*ST的交易条件有哪些？	0.0
新股IPO网上发行制度有哪些修改？	怎么查费率	0.0
忘记交易密码怎么办？	交易密码忘记了	1.0
港股市值可用来申购新股吗？	新股中签，未及时缴款有什么影响？	0.0
证券转银行转不到	证券转银行为什么转不了？	1.0
多少资金能达到多少的佣金？	我想了解一下新三板的指数都有什么？	0.0
交易密码修改的话，必须单独上传信息修改吗	如何通过电话委托查询新股中签？	0.0
证券转银行为什么转不了？	为什么我账号转银行不允许？	1.0
申购开放式基金时提示证券停牌	我想购买开放式基金，但是申购时却提示我证券停牌，原因是什么那？	1.0
如何通过电话委托查询新股中签？	不去营业厅，可以有办法开通网上委托权限吗	0.0
新三板股票协议转让的申报类型？	港股和A股的显示颜色有什么不同？	0.0
新股申购的条件？	申购新股的条件	1.0
忘记账号了	如何通过电话委托查询新股中签？	0.0
如何开户？	我的账号打不开了	1.0
资金密码忘记	多少资金能达到多少的佣金？	0.0
忘了资金密码怎么办	新三板股票协议转让的申报类型？	0.0
B股股票能作为融资融券的担保品吗？	成为融资融券的担保品人民币特种股票可以吗？	1.0
深圳市场大宗交易的条件？	新三板协议转让怎么样才能成交？	0.0
新股上市首日委托买入为何作废？	可以申请创业板开通	0.0
如何通过电话委托查询新股中签？	如何注销三方存管账户？	0.0
新股中签，未及时缴款有什么影响？	如何开通创业板，新三板	0.0
深圳大宗交易的成交确认时间？	深圳大宗交易的成交确认时间？	1.0
现在不能交易吗	深圳市场大宗交易的条件？	0.0
新三板股票协议转让的申报类型？	我的可以开通创业板了吗	0.0
新股中签，未及时缴款有什么影响？	我想问一下，申购新股的条件是什么	0.0
我的登录账号忘记了如何寻回	深圳市场大宗交易的条件？	0.0
多少资金能达到多少的佣金？	创业板怎么开	0.0
上交所债券逆回购申报数量要求？	深圳市场大宗交易的条件？	0.0
新股IPO网上发行制度有哪些修改？	交易密码忘了	0.0
网下发行新股有何要求？	网下发行新股有何要求？	1.0
信用账户的现金资金不能进行新股中签款缴款的原因是什么？	深市中小企业板块A股证券代码是多少？	0.0
新股上市首日接受市价委托吗？	刚上市的新股能不能在第一天就操作市价委托呀	1.0
新股上市首日委托买入为何作废？	请问银行无法转证券	0.0
新三板股票协议转让的申报类型？	新三板股票申报价格有涨跌幅限制吗？	0.0
B股交收规则是什么？	新三板股票协议转让的申报类型？	0.0
新股申购的条件？	打新股需要什么要求	1.0
新三版股票转让的计价单位？	新三版股票转让是用什么单位计价的？	1.0
上交所逆回购品种和代码有哪些？	上交所逆回购品种和代码有哪些？	1.0
我忘记账户账号怎么办	手机账号忘记了怎么办	1.0
怎么开？	新三板股票协议转让的申报类型？	0.0
如何开户？	我要开深圳A股怎么做	1.0
证券转银行为什么转不了？	你好，我的帐号证券转银行为什么转不了	1.0
中小企业私募债券是怎么进行转让的？	深交所逆回购的起点金额？	0.0
新股IPO网上发行制度有哪些修改？	如何开户？	0.0
信用账户开立后何时生效？	信用账户开立后何时生效？	1.0
我的账户有没有开通创业板？	创业板如何开通	1.0
深市中小企业板块A股证券代码是多少？	明天卖股票后能当天销户吗	0.0
A股、B股交易币种	B股以什么币种交易？	1.0
如何修改账户资金密码？	如何修改账户资金密码？	1.0
忘记资金密码怎么办？	不记得资金密码	1.0
最近我的深市新股配号显示都有小数点，	如何通过电话委托查询新股中签？	0.0
我刚开了户，怎么登不上啊	如何开户？	1.0
股票交易费用	交易手续费？	1.0
是否可以通过微信修改资金密码	如何修改账户资金密码？	1.0
你好！如何开通创业板？	创业板如何开通	1.0
为何账户有资金无法转出？	为什么资金转入会提示失败的	1.0
深市中小企业板块A股证券代码是多少？	当日卖完股票，能当日转出资金吗？	0.0
未办理外币银证转账业务的客户如何取款？	我要是想开通创业板	0.0
多少资金能达到多少的佣金？	我想撤销三方存管，怎么办理？	0.0
证券转银行卡为什么转不了	深圳市场大宗交易的条件？	0.0
我的交易密码没错	忘记交易密码怎么办？	1.0
我开户	如何开户？	1.0
上市公司收购可采取哪些方式？	如何通过电话委托查询新股中签？	0.0
证券转银行为什么转不了？	我证券的钱为啥不能转到银行卡	1.0
有哪些回拨机制是新股申购的？	新股申购的回拨机制？	1.0
ETF基金能用信用账户的股票申购吗？	深交所逆回购的起点金额？	0.0
我的客户号忘记了	手机账号忘记了怎么办	1.0
如何收取股票交易佣金？	收取股票交易佣金的方式是什么？	1.0
我是上周五开通的创业板	创业板如何开通	1.0
证券转银行为什么转不了？	意思是我的钱怎么转银行失败呢	1.0
深市中小企业板块A股证券代码是多少？	为什么我不能买ST的股票，提示我没有签订书面风险书，我怎么样才能买	0.0
我的帐号不能登录	如何开户？	1.0
客户编号忘记了如何找回？	忘记客户编号了	1.0
我要调整佣金	深市中小企业板块A股证券代码是多少？	0.0
为何我的钱转不出来	多少资金能达到多少的佣金？	0.0
上交所对竞价交易临时停牌有何规定？	对于竞价交易临时停牌，上交所有什么规定？	1.0
怎么才能有创业板交易权限	未办理外币银证转账业务的客户如何取款？	0.0
客户编号忘记了，怎么查找	客户编号忘记了如何找回？	1.0
在这开户佣金多少	网上开户佣金是多少？	1.0
交易手续费？	新股上市首日委托买入为何作废？	0.0
新股中签如何缴款？	中了新股怎么缴款呢	1.0
提现咋提不出去	证券转银行为什么转不了？	1.0
我的股票交易佣金	如何收取股票交易佣金？	1.0
多少资金能达到多少的佣金？	资金转账为什么转不进去	0.0
新三板企业的限售期？	新三板企业的限售期？	1.0
刚刚卖的钱怎么转不到银行	深圳市场大宗交易的条件？	0.0
忘记交易密码怎么办？	我的交易密码忘了，怎么找回啊？	1.0
深交所债券的费用有哪些？	哪些是深交所债券的费用？	1.0
深市中小企业板块A股证券代码是多少？	B股的最小交易单位？	0.0
新股上市首日委托买入为何作废？	资金转出冻结什么意思	0.0
我想调整我的期权交易权限，怎么操作呢	新三板股票协议转让的申报类型？	0.0
新股上市首日委托买入为何作废？	我交易密码忘记了怎么办	0.0
你好，请问深港通的标的股票的范围	多少资金能达到多少的佣金？	0.0
深圳市场的债券可以采取的交易方式？	新股上市首日委托买入为何作废？	0.0
忘记交易密码怎么办？	我的交易密码忘了怎么办	1.0
客户编号忘记了如何找回？	客户编号忘记了如何找回	1.0
同一个账号允许在不同的手机上同时登录吗？	同一个账号允许在不同的手机上同时登录吗？	1.0
深圳市场可以通过哪些渠道来交易港股通？	多少资金能达到多少的佣金？	0.0
B股和A股一样都是T+1交易?	如何通过电话委托查询新股中签？	0.0
深交所逆回购的起点金额？	多少资金能达到多少的佣金？	0.0
您好，我想变更第三方存管银行，怎么办理。银行不变，只是换个卡	如何通过电话委托查询新股中签？	0.0
请问怎么更改登录和交易密码	如何修改账户交易密码？	1.0
手机账户密码忘记了怎么办	我的登录密码忘记了	1.0
新股上市首日委托买入为何作废？	请问怎么开通创业板？	0.0
怎么开通中小板和创业板账户	新股IPO网上发行制度有哪些修改？	0.0
深圳市场大宗交易的条件？	查看佣金	0.0
未办理外币银证转账业务的客户如何取款？	为什么资金不可取	0.0
已经开户了啊！	未办理外币银证转账业务的客户如何取款？	0.0
身份证过期可以办理开户吗？	身份证过期就不能开户吗？	1.0
股票可以当天买入当天卖出吗	股票可以当天买入当天卖出吗？	1.0
深证成份指数成份股多长时间调整一次？	深证成份指数成份股多长时间调整一次？	1.0
创业板如何开通	怎么开创业版	1.0
创业板权限转签如何操作？	创业板权限转签	1.0
深市港股通开通条件	深市中小企业板块A股证券代码是多少？	0.0
怎么用电话的方式委托查询新股申购配号？	如何通过电话委托查询新股申购配号？	1.0
能给我开通创业板吗	深市中小企业板块A股证券代码是多少？	0.0
为何账户有资金无法转出？	请问为什么我的资金转不出	1.0
上交所股东大会网络投票平台网址？	哪里可以找到上交所股东大会网络投票平台	1.0
请问我交易密码不记得怎么办呢，?	深交所逆回购的起点金额？	0.0
信用账户对应银行的券商代码？	能告诉我信用账户的券商代码吗？	1.0
如何通过电话委托查询新股中签？	同一个股票能当天买入当天卖出吗	0.0
如何查询证券账号？	请问能帮我查一下我的股票账号吗	1.0
为何账户有资金无法转出？	股票资金转不出	1.0
多少资金能达到多少的佣金？	收购上市公司有哪些方法？	0.0
如何更换银行卡？	如何更换银行卡？	1.0
如何调整融资融券授信额度？	如何调整融资融券授信额度？	1.0
如何开户？	怎么开户	1.0
新股IPO网上发行制度有哪些修改？	登陆账户和密码忘了	0.0
我没有办外币银证转账业务，要怎样才可以取款？	未办理外币银证转账业务的客户如何取款？	1.0
证券转银行为什么转不了？	我把证券的钱转银行了，怎么显示冻结了？	1.0
最少可以买多少B股	B股的最小交易单位？	1.0
新股IPO网上发行制度有哪些修改？	A股交易时间	0.0
网下打新价格如何申报	深交所逆回购的起点金额？	0.0
当日卖出股票后可以转出资金吗？	你好，刚卖掉的钱不能立刻转出来银行卡？	1.0
新股申购可以撤单吗？	我今天一键大新股数按错了，可以撤单吗	1.0
多少资金能达到多少的佣金？	为什么银行卡的钱转不进来	0.0
股票卖出，资金什么时候能取出	当日卖出股票后可以转出资金吗？	1.0
我银行卡变更	未办理外币银证转账业务的客户如何取款？	0.0
什么时候能银行证券之间转账	银证转账的时间？	1.0
你好，我为啥证券转银行转不了呢？	深圳市场大宗交易的条件？	0.0
忘记交易登录密码了怎么办	多少资金能达到多少的佣金？	0.0
如何修改成本价数值？	如何修改成本价数值？	1.0
深圳市场大宗交易的条件？	怎样查看我的佣金	0.0
多少资金能达到多少的佣金？	请问我的手续费是多少	1.0
修改成本价的方式有哪些？	深市中小企业板块A股证券代码是多少？	0.0
银转证。转不了。	新股上市首日委托买入为何作废？	0.0
网下打新缴款账号是否需与三方存管银行账号一致？	网下打新缴款账号是否需与三方存管银行账号一致？	1.0
忘记交易密码怎么办？	交易密码能找回吗？	1.0
可以申请创业板开通	创业板如何开通	1.0
交易密码忘记了	深交所逆回购的起点金额？	0.0
账号忘记了	手机账号忘记了怎么办	1.0
未办理外币银证转账业务的客户如何取款？	重置过程中显示身份证过期	0.0
我帐号密码忘了	深市中小企业板块A股证券代码是多少？	0.0
期权的手续费和佣金是多少？	多少资金能达到多少的佣金？	1.0
如何通过电话委托查询新股中签？	今天把股票卖了钱为什么不能取出来?	0.0
如何查询佣金费率？	如何查询佣金费率？	1.0
你好，今天卖的股票钱什么时间可以往银行卡里转	新三板股票协议转让的申报类型？	0.0
App修改第三方存管银行	新股IPO网上发行制度有哪些修改？	0.0
客户编号忘记了如何找回？	客户编号忘记了。	1.0
如何开户？	开户套餐是什么意思	1.0
你好，请问我要什么条件才能申购新股？	新股申购的条件？	1.0
新股中签，未及时缴款有什么影响？	深港通股票为A+H股的，A股停牌与H股停牌确定一样吗？	0.0
深交所逆回购的起点金额？	我麻烦问一下认购新股有什么条件吗？	0.0
深市中小企业板块A股证券代码是多少？	为什么账号登录不上	0.0
新股IPO网上发行制度有哪些修改？	在网上开通信用账户行吗？	0.0
当日卖出股票后可以转出资金吗？	股票卖出，钱没办法转入银行卡	1.0
我想用信用账户买ST股票可以吗	信用账户可以购买ST股票吗？	1.0
为什么不能转银行卡	证券转银行为什么转不了？	1.0
如何收取股票交易佣金？	收取股票交易佣金的方式是什么？	1.0
能开通创业板吗	创业板如何开通	1.0
新三板股票协议转让的申报类型？	为什么钱不能转到银行卡	0.0
忘记资金密码怎么办？	资金密码如何找回	1.0
新股上市首日委托买入为何作废？	交易密码不记得了	0.0
深交所逆回购的起点金额？	有多少是信用账户三方存管的银行？	0.0
外币证券转银行限额	将外币证券转入银行有额度限制吗？	1.0
股票交易费用	深市中小企业板块A股证券代码是多少？	0.0
我要转点钱急用，怎么转不出？	为何账户有资金无法转出？	1.0
我要开创业板	未办理外币银证转账业务的客户如何取款？	0.0
深市中小企业板块A股证券代码是多少？	佣金大概是多少	0.0
创业板如何开通	你好，如何开通创业板	1.0
如何开户？	我怎么不能登陆账户呢	1.0
新三版股票清算有哪些交收规则	新三板股票清算交收规则？	1.0
深圳市场大宗交易的条件？	ST股票为什么买不了呢	0.0
股票交易费用	股票交易费用	1.0
深市中小企业板块A股证券代码是啥？	深市中小企业板块A股证券代码是多少？	1.0
转账失败的原因？	我能在金融终端查到我的银行余额信息的，但转账为何不成功	1.0
新三板股票转让交易有哪些费用？	新三板股票转让交易的费用有什么？	1.0
深交所逆回购的起点金额？	变更银行卡必须去银行吗	0.0
深圳市场大宗交易的条件？	登录账号忘记了	0.0
新股申购可以撤单吗？	新股申购可以撤单吗？	1.0
未办理外币银证转账业务的客户如何取款？	已经开户	0.0
请问我的证券号怎么查询	多少资金能达到多少的佣金？	0.0
登录密码忘记怎么办	手机账户密码忘记了怎么办	1.0
新三板股票协议转让的申报类型？	登陆密码忘了怎么办	0.0
多少资金能达到多少的佣金？	上海ST、*ST股的交易规则？	0.0
转账失败的原因？	转账失败为什么	1.0
新三板股票协议转让的申报类型？	手续费是万几啊	0.0
新三板上市的股票可以转到主板交易吗？	新三板上市的股票可以转到主板交易吗？	1.0
新股申购何时可以挂单?	新股申购何时可以挂单?	1.0
网下打新资格是否支持在多家券商间使用？	深市中小企业板块A股证券代码是多少？	0.0
开通深港通要什条件，是资产值五十万还是资金五十万	深市港股通开通条件	1.0
深交所逆回购的起点金额？	A股开户需要收费吗	0.0
身份证才过期几天，可以开户吗？	身份证过期可以办理开户吗？	1.0
深圳市场大宗交易的条件？	您好，你们的手续费是多少？	0.0
未办理外币银证转账业务的客户如何取款？	深交所转股申报数量的填写要求是什么？	0.0
B股实行T+0回转交易吗？	B股实行T+0回转交易吗？	1.0
多少资金能达到多少的佣金？	手续费是万几	1.0
我忘记帐号了	如何通过电话委托查询新股中签？	0.0
新股申购额度超限的原因？	我申购新股时，提示我 委托数量高于最大限额  是什么意思？	1.0
新三板股票协议转让的申报类型？	您好！为什么证券转银行的资金转不出来？	0.0
深市中小企业板块A股证券代码是多少？	网上交易委托系统能直接开通吗？	0.0
新股中签，未及时缴款有什么影响？	融资融券业务交易能在新三板进行吗？	0.0
信用账户可以参与逆回购吗？	新股IPO网上发行制度有哪些修改？	0.0
新股申购市值会合并计算多个证券账户的吗？	新股申购市值会合并计算多个证券账户的吗？	1.0
深圳市场大宗交易的条件？	深市新股上市首日临时停牌是怎么规定的？	0.0
深交所逆回购的起点金额？	银行转入证券，为什么用不了？	0.0
如何通过电话委托查询新股中签？	我要怎样才能买股票	0.0
多少资金能达到多少的佣金？	请问打新股需要具备什么条件？	0.0
怎么改银行卡	深交所逆回购的起点金额？	0.0
新股上市首日委托买入为何作废？	我在申购新股时，为何总是提示《你不符合这次新股申购的条件》	0.0
忘记交易密码怎么办？	股票交易的密码忘记了，有什么办法可以找回？	1.0
新股IPO网上发行制度有哪些修改？	请问能帮我查一下我的股票账号吗	0.0
新股上市首日接受市价委托吗？	新股上市首日接受市价委托吗？	1.0
佣金多少钱	多少资金能达到多少的佣金？	1.0
新股当日能否多次申购	新股上市首日委托买入为何作废？	0.0
怎样找回资金密码	多少资金能达到多少的佣金？	0.0
在哪开创业板	创业板如何开通	1.0
未办理外币银证转账业务的客户如何取款？	新股中签是自动缴款吗	0.0
上交所债券逆回购申报数量是怎样规定的	上交所债券逆回购申报数量要求？	1.0
为什么不能登录客户号	如何开户？	1.0
我忘了我的登录账号和密码	新三板股票协议转让的申报类型？	0.0
多少资金能达到多少的佣金？	与银行间的转帐时间是什么时候	0.0
信用账户如何查询新股申购额度？	新三板股票协议转让的申报类型？	0.0
请问今天卖掉股票的钱今天不能转账回银行吗？	当日卖出股票后可以转出资金吗？	1.0
新股中签，未及时缴款有什么影响？	我在石家庄，怎样注销第三方存管	0.0
多少资金能达到多少的佣金？	我忘记帐户十位资金密码	0.0
佣金多少	未办理外币银证转账业务的客户如何取款？	0.0
深交所逆回购的起点金额？	注销账户需要什么手续	0.0
多少资金能达到多少的佣金？	我的佣金费率是多少？	1.0
新股申购的市值计算范围？	深市中小企业板块A股证券代码是多少？	0.0
新三版股票转让有哪些计价单位？	新三版股票转让的计价单位？	1.0
新三板股票协议转让的申报类型？	我的股票交易费	0.0
新股申购的条件？	你好，请问申购新股的条件是什么？	1.0
ST股票可以用信用账户买吗	深圳市场大宗交易的条件？	0.0
交易密码错	如何通过电话委托查询新股中签？	0.0
客户编号忘了如何找回	客户编号忘记了如何找回？	1.0
未办理外币银证转账业务的客户如何取款？	请问为什么我的资金转不出	0.0
每天股票的交易时间	深市中小企业板块A股证券代码是多少？	0.0
新三板股票协议转让的申报类型？	新户申购新股，要满足那些条件才能申购	0.0
新股IPO网上发行制度有哪些修改？	如何更改银行卡	0.0
我的佣金费率是多少	如何通过电话委托查询新股中签？	0.0
未办理外币银证转账业务的客户如何取款？	开通创业板权限需要什么证件	0.0
为何账户有资金无法转出？	为什么资金转不出呢？	1.0
创业板怎么开通	如何通过电话委托查询新股中签？	0.0
申购新股受限，到期需要解除限制吗？	新股申购受限后，到期是否需办理解限手续？	1.0
交易费是多少	多少资金能达到多少的佣金？	1.0
深市中小企业板块A股证券代码是多少？	怎样开通创业板？	0.0
买卖深市港股通的股票的操作方法	如何通过电话委托查询新股中签？	0.0
深交所新股上市首日临时停牌期间接受委托吗？	深交所新股上市首日临时停牌期间可以接受委托吗？	1.0
怎么更换银行卡？	如何更换银行卡？	1.0
基金申购时可以使用哪些方式来扣取手续费那？	新股上市首日委托买入为何作废？	0.0
不记得资金密码	深圳市场大宗交易的条件？	0.0
股票怎么收费	如何收取股票交易佣金？	1.0
登入密码忘了	手机账户密码忘记了怎么办	1.0
为什么资金可用不可取？	为什么资金可用不可取？	1.0
手机账户密码忘记了怎么办	炒股账户的密码忘了	1.0
新股中签，未及时缴款有什么影响？	网上委托权限如何开通？	0.0
未办理外币银证转账业务的客户如何取款？	自助开户后如何补办三方存管？	0.0
在网站开	如何开户？	1.0
未办理外币银证转账业务的客户如何取款？	股票卖出，钱没办法转入银行卡	0.0
如何通过电话委托查询新股中签？	忘了帐号怎么办	0.0
可用的钱为什么不可取	为什么资金可用不可取？	1.0
我的佣金比较高了，可以调整吗	深交所逆回购的起点金额？	0.0
股票什么时间开始交易	股票的交易时间？	1.0
如何交易股票？	如何交易股票？	1.0
忘记交易密码了	深圳市场大宗交易的条件？	0.0
股票交易佣金怎样收取？	新股中签，未及时缴款有什么影响？	0.0
如何查询证券账户在那	未办理外币银证转账业务的客户如何取款？	0.0
深交所逆回购的起点金额？	您好我的账户怎么不能转款啊	0.0
新股中签，未及时缴款有什么影响？	你好，这边佣金多少	0.0
银行转证券不行吗？今天	证券转银行为什么转不了？	1.0
未办理外币银证转账业务的客户如何取款？	股票可以当天买入当天卖出吗？	0.0
你好！我把账号密码都忘了	手机账户密码忘记了怎么办	1.0
为什么银行转证券转不了？	证券转银行为什么转不了？	1.0
证券转银行为什么转不了？	为什么银行卡的钱转不进来	1.0
新股上市首日委托买入为何作废？	上交所对竞价交易临时停牌有何规定？	0.0
如何绑定多张银行卡？	新股中签，未及时缴款有什么影响？	0.0
创业板如何开通	我可以开通创业板吗？	1.0
新三板股票协议转让的申报类型？	新股申购有数量要求吗？	0.0
深交所B股证券代码的编制原则是什么？	B股证券代码深交所的是如何编制的？	1.0
创业板权限首次开通？	深市中小企业板块A股证券代码是多少？	0.0
怎样查我的股票帐号有没有连银行卡？	如何查询证券账号？	1.0
深圳市场大宗交易的条件？	B股交易费用？	0.0
证转银，资金帐号密码忘记怎么办，	新股IPO网上发行制度有哪些修改？	0.0
开立信用账户有门槛吗？	多少资金能达到多少的佣金？	0.0
我忘记了交易帐号	未办理外币银证转账业务的客户如何取款？	0.0
同一个账号可以在不同手机上登录吗	多少资金能达到多少的佣金？	0.0
深圳市场大宗交易的条件？	我开户	0.0
去营业网点注销账户，需要带什么	未办理外币银证转账业务的客户如何取款？	0.0
我要从银行转账到证券帐户上为什么转不了？	深交所逆回购的起点金额？	0.0
创业板如何开通	我上周三开通的创业板	1.0
身份证过期可以办理开户吗？	身份证过期可以办理开户吗？	1.0
当日抛售股票所得款，是不是当天不能转出银行账上？	深市中小企业板块A股证券代码是多少？	0.0
我想问一下新股上市前一交易日晚上可以提前下单吗？	新股上市前一交易日晚上能否提前下单？	1.0
手机账号忘记了怎么办	请问帐号忘记了怎么办	1.0
可以多开港股通交易权限吗？	多少资金能达到多少的佣金？	0.0
新三板股票协议转让的申报类型？	我的账户转不出钱	0.0
请问我的证券号怎么查询	如何查询证券账号？	1.0
深交所上市债券实行全价交易有哪些？	深交所上市债券实行全价交易有哪些？	1.0
我开通上海A股，他显示异常	如何开户？	1.0
为什么转账时证券可以转入银行，银行不能转入证券呢	证券转银行为什么转不了？	1.0
要怎样开通创业板	创业板如何开通	1.0
当日卖出股票后可以转出资金吗？	当日抛售股票所得款，是不是当天不能转出银行账上？	1.0
证券转银行怎么转不了呢	未办理外币银证转账业务的客户如何取款？	0.0
银行卡转不了证券	证券转银行为什么转不了？	1.0
我的客户编号忘了.怎么找回?	如何通过电话委托查询新股中签？	0.0
我申购新股时，提示我 委托数量高于最大限额  是什么意思？	深圳市场大宗交易的条件？	0.0
我刚才数字认证过了，问新开上海A股账户现在能开吗，怎么开？	如何通过电话委托查询新股中签？	0.0
新股上市首日委托买入为何作废？	网上开户佣金是多少？	0.0
多少资金能达到多少的佣金？	佣金手续费多少	1.0
深圳市场大宗交易的条件？	那我现在账户里有股票，能销户吗	0.0
我以前开的户不知道怎么用	如何开户？	1.0
证券转银行为什么转不了？	证券我什么不能转款的银行	1.0
创业板如何开通	创业板如何开通	1.0
怎么钱不能转证券	证券转银行为什么转不了？	1.0
为什么我钱转不出,去	为何账户有资金无法转出？	1.0
信用账户可以交易哪些股票？	信用账户可以交易的股票类型有限制吗	1.0
新股IPO网上发行制度有哪些修改？	银行转证券失败	0.0
为什么我的账户资金转不出	如何通过电话委托查询新股中签？	0.0
如何通过电话委托查询新股中签？	申购创业板的新股  需要什么条件	0.0
忘记了交易密码	忘记交易密码怎么办？	1.0
B股实行T+0回转交易吗？	B股交易也是T+1？	1.0
客户编号忘记了如何找回？	我忘记我的客户编号	1.0
用微信能开户吗	如何开户？	1.0
创业板如何开通	怎么开创业	1.0
怎么转不了钱进去	深圳市场大宗交易的条件？	0.0
我的账号为何不能登录？	如何开户？	1.0
手机账户密码忘记了怎么办	登陆密码忘记怎么办	1.0
信用账户可以购买非标的证券吗？	信用账户可以购买非标的证券吗？	1.0
无法买入ST补仓	ST股票为何无法买入？	1.0
信用账户交易允许市价委托吗？	信用账户交易允许市价委托吗？	1.0
什么时候可以转账回银行卡	银证转账的时间？	1.0
在网上不能开通创业板权限吗？	新股上市首日委托买入为何作废？	0.0
新股上市首日委托买入为何作废？	创业版怎么开	0.0
新股申购的条件？	新股和创业股在什么条件下才能申购？	1.0
如何开户？	怎么开户啊	1.0
证券转银行为什么转不了？	怎么了，银行转不了钱	1.0
在网站开	新三板股票协议转让的申报类型？	0.0
深市中小企业板块A股证券代码是多少？	身份证信息过期了，我在网上能更新吗？	0.0
证卷转银行，为何转不了？	证券转银行为什么转不了？	1.0
调整佣金	如何调整佣金费率？	1.0
手机账户密码忘记了怎么办	您好，忘记了登录密码	1.0
新股IPO网上发行制度有哪些修改？	为什么登录不上账号	0.0
当日卖出股票后可以转出资金吗？	当日卖出的股票资金会在当天3点收市能转出吗？	1.0
深交所债券的费用有哪些？	深交所债券的费用有哪些？	1.0
当日卖出股票资金什么时候可以转出	当日卖出股票后可以转出资金吗？	1.0
找回我的客户编号	新股IPO网上发行制度有哪些修改？	0.0
新股申购的条件？	请问一下，打新股的条件是什么？	1.0
如何更换同一银行的三方存管银行卡？	怎样变更第三方存管银行卡	1.0
新股中签，未及时缴款有什么影响？	请问下怎么开户的啊	0.0
股票可以当天买入当天卖出吗	如何通过电话委托查询新股中签？	0.0
使用信用账户需要什么条件？	信用账户的使用限制	1.0
我那个证转银怎么被冻结了	新三板股票协议转让的申报类型？	0.0
A股股票配股与增发的缴款时间有何区别？	A股股票配股与增发的缴款时间有何区别？	1.0
网下发行新股有何要求？	未办理外币银证转账业务的客户如何取款？	0.0
请问我的交易密码不记得了	未办理外币银证转账业务的客户如何取款？	0.0
股票买入后多久可以卖出啊	新三板股票协议转让的申报类型？	0.0
我想问比如今天把股票买了然后明天钱可以转出来吗	当日卖出股票后可以转出资金吗？	1.0
上交所债券逆回购申报数量是怎样规定的	新股中签，未及时缴款有什么影响？	0.0
你好，当天卖出的股票资金不能转回银行卡吗	新三板股票协议转让的申报类型？	0.0
深港通跟沪港通的额度能共用吗？	深市港股通和泸市港股通的额度分开用行吗？	1.0
深圳货币ETF收益计算规则	深圳货币ETF收益计算规则	1.0
未办理外币银证转账业务的客户如何取款？	您好，请问交易密码忘记了怎么办	0.0
深交所逆回购的起点金额？	就是证券转银行转不出来为什么	0.0
什么原因银行转账到帐户，转入失败	多少资金能达到多少的佣金？	0.0
我的佣金费率是多少	多少资金能达到多少的佣金？	1.0
你好，我要转入资金一直提示转入失败	为何账户有资金无法转出？	1.0
请问我想申购ETF基金，可以使用信用账户的股票吗/	新股IPO网上发行制度有哪些修改？	0.0
今天买入哪只股票？	新股中签，未及时缴款有什么影响？	0.0
为何帐户里有资金无法转出？	深交所逆回购的起点金额？	0.0
我这个账户是网上开通的，应该怎么开通创业板权限？	开通创业板权限对账户有什么要求？	1.0
想问下怎么开创业板	创业板如何开通	1.0
你好，账号密码忘了怎么办	新股IPO网上发行制度有哪些修改？	0.0
第三方存管 更改银行卡	如何更换同一银行的三方存管银行卡？	1.0
深圳市场大宗交易的条件？	银行卡可以改吗	0.0
银行卡可以改吗	如何更换银行卡？	1.0
为何账户有资金无法转出？	怎么转不出来，钱	1.0
新股上市首日委托买入显示废单是什么意思？	新三板股票协议转让的申报类型？	0.0
我在石家庄，怎样注销第三方存管	如何注销三方存管账户？	1.0
深圳市场大宗交易的条件？	后天交易时间就可以注销账户是吧	0.0
你好，如何达到申购新股条件	新股申购的条件？	1.0
深交所逆回购的起点金额？	新三板上市的股票支持转主板交易吗？	0.0
新股申购的条件？	我怎么符合申购新股的条件	1.0
多少资金能达到多少的佣金？	请问证券转银行为什么转不了的？	0.0
新三板市场是怎么披露信息的？	深圳市场大宗交易的条件？	0.0
手机账户密码忘记了怎么办	我的登录密码，忘了	1.0
B股交易的费用？	B股交易的费用？	1.0
多少资金能达到多少的佣金？	我的交易佣金是多少	1.0
新股中签，未及时缴款有什么影响？	你好，如何达到申购新股条件	0.0
忘了账号了	深市中小企业板块A股证券代码是多少？	0.0
银转证不成功	证券转银行为什么转不了？	1.0
新股上市首日委托买入为何作废？	我之前在你们开过户	0.0
深圳市场大宗交易的条件？	新三板股票转让的计价单位是什么	0.0
如何更换不同银行的三方存管？	如何更换不同银行的三方存管？	1.0
未办理外币银证转账业务的客户如何取款？	怎么查看是否具有申购新股的条件	0.0
证券转银行为什么转不了？	为何证转银不成功？	1.0
创业板如何开通	创业板帮我开通下	1.0
证券转银行为什么转不了？	转不了银行卡	1.0
以前开过户	新股IPO网上发行制度有哪些修改？	0.0
深市中小企业板块A股证券代码是多少？	系统显示已申请 为何我这几天买不了ST	0.0
如何修改交易密码	如何修改交易密码	1.0
什么是新三版股票转让的计价单位？	多少资金能达到多少的佣金？	0.0
如何通过电话委托查询新股中签？	成为融资融券的担保品人民币特种股票可以吗？	0.0
深圳市场大宗交易的条件？	深圳市场大宗交易的条件？	1.0
加开账户	如何开户？	1.0
多少资金能达到多少的佣金？	我把账户忘记怎么办	0.0
我的资金转入失败是什么问题	深市中小企业板块A股证券代码是多少？	0.0
我要取消网上委托权限	网上委托权限如何取消？	1.0
多少资金能达到多少的佣金？	今天买的股票有分红吗	0.0
身份证过期了，还可以进行账户交易吗？	深交所逆回购的起点金额？	0.0
我怎么不符合申购的条件？	新股申购的条件？	1.0
上交所债券逆回购申报数量要求？	上交所债券逆回购申报数量要求？	1.0
深交所逆回购的起点金额？	你好，我想证券转银行，为什么转不了？	0.0
新三板市场的信息是怎样披露的?	新三板市场是如何披露信息？	1.0
为什么我的钱转不进去	多少资金能达到多少的佣金？	0.0
身份证到期影响账户交易吗？	深市中小企业板块A股证券代码是多少？	0.0
申购新股要求	新股中签，未及时缴款有什么影响？	0.0
怎样首次开通创业板	创业板权限首次开通？	1.0
新股IPO网上发行制度有哪些修改？	为什么不能转到农业银行	0.0
为什么银行转不了证券帐户	证券转银行为什么转不了？	1.0
新股上市首日委托买入为何作废？	如何修改账户交易密码？	0.0
多少资金能达到多少的佣金？	为什么资金可用不可取？	0.0
新股上市首日委托买入为何作废？	忘记交易密码怎么办？	0.0
如何才可以买股票？	怎么才能把股票卖出去	1.0
能帮我开通创业板吗	新股IPO网上发行制度有哪些修改？	0.0
我的登陆密码忘了怎么办	如何通过电话委托查询新股中签？	0.0
证券转银行为什么转不了？	银行转债券失败	1.0
深圳市场大宗交易的条件？	如何取消第三方存管	0.0
新三板股票协议转让的申报类型？	我的交易账号因为手机损坏忘记了，请问如何找回	0.0
证券转银行为什么转不了？	现在银转证怎么转不了？	1.0
深交所逆回购的起点金额？	为什么我钱转不出,去	0.0
查看创业板开通情况	创业板如何开通	1.0
深圳市场大宗交易的条件？	转帐失败的原因	0.0
B股实行T+0回转交易吗？	新三板股票协议转让的申报类型？	0.0
未办理外币银证转账业务的客户如何取款？	我的账号可以开通创业板了吗	0.0
手机账户密码忘记了怎么办	账号登录密码忘了	1.0
忘记交易密码怎么办？	忘记编号跟交易密码怎么办	1.0
为何资金转不出去	未办理外币银证转账业务的客户如何取款？	0.0
股票可以当天买入当天卖出吗？	同一个股票能当天买入当天卖出吗	1.0
三板交易权限取消方式是什么？	深交所逆回购的起点金额？	0.0
佣金与手续费的区别？	佣金与手续费的区别？	1.0
新三板能否办理融资融券的业务？	新三板可以做融资融券交易吗？	1.0
想要办理创业板	新股上市首日委托买入为何作废？	0.0
怎么从银行转不了证券	证券转银行为什么转不了？	1.0
手机账号忘记了怎么办	编号忘了怎么办	1.0
如何查询证券账号？	我忘了证券账号可以查吗	1.0
新股上市第一天的涨跌幅有限制吗	如何通过电话委托查询新股中签？	0.0
多少资金能达到多少的佣金？	创业板我可以开通吗	0.0
怎样开通沪深	创业板如何开通	1.0
创业板首次开通？	创业板权限首次开通？	1.0
怎么开	如何开户？	1.0
深交所逆回购的起点金额？	现在证券转银行帐户怎么转不了	0.0
我可以买什么股票	深交所逆回购的起点金额？	0.0
我的交易佣金是多少	深交所逆回购的起点金额？	0.0
如何开户？	如何开户？	1.0
我忘记账户账号怎么办	未办理外币银证转账业务的客户如何取款？	0.0
如何开通创业板，新三板	创业板如何开通	1.0
A股开户是否收费？	新股上市首日委托买入为何作废？	0.0
新三板股票协议转让的申报类型？	交易密码忘记了该怎么办？	0.0
你好，我的电脑被盗了我那个账号忘记了能帮我查一下吗？	客户编号忘记了如何找回？	1.0
新股IPO网上发行制度有哪些修改？	账号忘记了	0.0
信用账户卖出证券得到现金想自动偿还负债，怎么办？	怎么样才可以用信用账户卖出证券得到现金想自动偿还负债	1.0
客户编号忘记了如何找回？	客户编号忘记了如何找回？	1.0
手机账户密码忘记了怎么办	手机账户密码忘记了怎么办	1.0
多少资金能达到多少的佣金？	交易收费	0.0
我的账户怎么不能登陆	如何开户？	1.0
信用账户的现金资产为何不能进行新股中签款缴款？	信用账户的现金资产为何不能进行新股中签款缴款？	1.0
我可以买什么股票	如何才可以买股票？	1.0
新股上市首日委托买入为何作废？	我经过有帐号，为什么还要开户	0.0
多少资金能达到多少的佣金？	新股最早何时可挂单？	0.0
上交所债券质押式回购竞价交易的有效竞价范围包括什么呢	上交所债券质押式回购竞价交易的有效竞价范围？	1.0
如何更改第三方存管银行？	未办理外币银证转账业务的客户如何取款？	0.0
上交所债券的费用都包括什么？	上交所债券的费用有哪些？	1.0
手机账号忘记了怎么办	账号忘记了怎么办	1.0
银证转账时间？	新股IPO网上发行制度有哪些修改？	0.0
股票可以当天买入当天卖出吗？	当日买入的股票为什么当日不能卖出？	1.0
交易佣金如何调整？	如何调整佣金费率？	1.0
农行转证券为什么转不了	多少资金能达到多少的佣金？	0.0
多少资金能达到多少的佣金？	信用账户可以操作要约收购吗？	0.0
怎么更改银行卡的啊？	新股IPO网上发行制度有哪些修改？	0.0
深市港股通的投资者可以办理港股的转托管吗？	深市港股通的投资者可以办理港股的转托管吗？	1.0
新股中签，未及时缴款有什么影响？	为什么我要买ST的股票不让购入呢	0.0
如何修改金融终端K线图的副图指标参数？	使用金融终端怎么修改K线图的副图指标参数	1.0
忘记编号跟交易密码怎么办	深市中小企业板块A股证券代码是多少？	0.0
新股上市首日委托买入为何作废？	转不出钱到银行	0.0
如何注销信用账户？	如何注销信用账户？	1.0
深圳市场大宗交易的条件？	我的账号怎么登录不上	0.0
股票卖了，钱要转到银行，多少时间以后可以转出到银行	如何通过电话委托查询新股中签？	0.0
昨天买的股票，今天为什么不能卖？	股票可以当天买入当天卖出吗？	1.0
你好我的登录密码忘了	手机账户密码忘记了怎么办	1.0
系统显示已申请 为何我这几天买不了ST	ST股票为何无法买入？	1.0
创业板如何开通	说要开通创业板	1.0
如何通过电话委托查询新股中签？	上交所有关于可转债债转股的转股数量的规定吗	0.0
忘记登入密码怎么办	如何通过电话委托查询新股中签？	0.0
创业板如何开通	我那个创业板开通了怎么还不能用	1.0
请问A股开户免费么？	新股上市首日委托买入为何作废？	0.0
新三板股票协议转让的申报类型？	怎么转不出钱	0.0
银行转不了账	多少资金能达到多少的佣金？	0.0
股票交易时间	股票的交易时间？	1.0
现在不能交易了吧？	股票的交易时间？	1.0
自助开户后如何补办三方存管？	自助开户后如何补办三方存管？	1.0
股票的交易时间？	股票交易时间是什么时候	1.0
你好！请问一下我的银证不能转账到银行	证券转银行为什么转不了？	1.0
我要取消网上委托权限	如何通过电话委托查询新股中签？	0.0
如何通过电话委托查询新股中签？	深交所对竞价交易临时停牌有何规定？	0.0
资金怎么提不出来	新三板股票协议转让的申报类型？	0.0
深圳市场的新股配号为何有小数点？	打新过程中发现，深市的股票配号前8位数后是小数点加两个零，如：12345678.	1.0
创业板权限转签如何操作？	我在别的券商已经开通过创业板了，怎么自助转签创业板权限呢？	1.0
深市中小企业板块A股证券代码是多少？	深圳证券交易所证券代码编制原则是什么？	0.0
帐号为啥不能登入	深交所逆回购的起点金额？	0.0
我把证券资金转不出来？	证券转银行为什么转不了？	1.0
约定购回的标的卷可以是人民币特种股吗？	B股是约定购回的标的券吗？	1.0
新三板股票的编码规则？	新三板股票的编码规则？	1.0
如果我销户是不是就必须把账户里的股票卖完啊？	A股账户销户有哪些注意事项？	1.0
我的帐号忘了	手机账号忘记了怎么办	1.0
新三板上市的股票支持转主板交易吗？	新三板上市的股票可以转到主板交易吗？	1.0
多少资金能达到多少的佣金？	新三板交易时间？	0.0
如何修改账户交易密码？	交易登录编号是什么	1.0
账号密码忘记怎么	手机账户密码忘记了怎么办	1.0
深交所转股申报当日如何撤销？	深交所转股申报当日撤销的方式是什么？	1.0
为何不能登录账户？	如何开户？	1.0
若手机丢失，需要重新申请电子签名吗？	如何通过电话委托查询新股中签？	0.0
深市中小企业板块A股证券代码是多少？	怎样才能查询佣金套餐	0.0
申购基金时扣费方式？	基金申购时可以使用哪些方式来扣取手续费那？	1.0
证券转银行为什么转不了？	我银行转证劵为啥转不了？	1.0
信用账户三方存管的银行有哪些？	信用账户三方存管的银行有哪些？	1.0
沪深当日买入可以当日卖出	股票可以当天买入当天卖出吗？	1.0
如何开户？	怎么开户呀	1.0
创业板首次如何开通	新三板股票协议转让的申报类型？	0.0
新股中签，未及时缴款有什么影响？	请问你们这边开户佣金是多少	0.0
新股申购的条件？	你好，请问我要什么资格才能申购新股？	1.0
新股中签，未及时缴款有什么影响？	如何更换不同银行的三方存管？	0.0
未办理外币银证转账业务的客户如何取款？	新三板协议转让的成交原则有哪些？	0.0
多少资金能达到多少的佣金？	你们这里的佣金是多少	1.0
当日卖出股票后可以转出资金吗？	今日卖了股票，资金什么时候转出	1.0
忘记交易密码怎么办？	忘记交易密码要什么证件	1.0
你好，请问申购新股的条件是什么？	新股申购的条件？	1.0
新三板的股价以什么单位变动	新三板股价变动单位？	1.0
新三板权限开通流程？	新三板权限开通流程？	1.0
当日卖出股票资金什么时候可以转出	深圳市场大宗交易的条件？	0.0
为什么资金从证券转银行老是失败	证券转银行为什么转不了？	1.0
新股申购的条件？	您好，我不能申购新股，不知道少什么条件	1.0
我想知道沪市港股通可以购买哪些股票？	深港通标的股票范围？	1.0
新股IPO网上发行制度有哪些修改？	信用账户持有的股票如何行使投票权？	0.0
创业板权限首次开通？	在网上不能开通创业板权限吗？	1.0
忘记交易密码怎么办？	交易密码有英文吗	1.0
限制第一天上市的新股的涨跌幅度吗	新股中签，未及时缴款有什么影响？	0.0
深交所B股证券代码的编制原则是什么？	深交所逆回购的起点金额？	0.0
积成电子停牌原因是什么	A股停牌原因有哪些？	1.0
申请期权交易权限需具备哪些模拟交易经历？	申请期权交易权限需具备哪些模拟交易经历？	1.0
60岁以上如何开立信用账户？	有什么办法开立信用账户在60岁以上？	1.0
深交所新股上市首日临时停牌期间可以接受委托吗？	深圳市场大宗交易的条件？	0.0
信用账户密码要怎样重置？	如何重置信用账户密码？	1.0
新三板股票清算交收规则？	新三版股票清算的交收规则包括什么？	1.0
如果中签的新股，一般多长时间能上市啊？	未办理外币银证转账业务的客户如何取款？	0.0
请问开通创业板	创业板如何开通	1.0
新股中签，未及时缴款有什么影响？	你好，想知道我的账户的佣金费率是多少	0.0
网上委托权限如何取消？	新股中签，未及时缴款有什么影响？	0.0
创业板如何开通	我创业板不是已经开通了？	1.0
深交所逆回购的起点金额？	账号忘记了怎么办	0.0
新股上市首日委托买入为何作废？	我以前开的户不知道怎么用	0.0
为何账户有资金无法转出？	深圳市场大宗交易的条件？	0.0
为何账户有资金无法转出？	为啥钱在账户提不出来	1.0
信用账户卖出证券得到现金想自动偿还负债，怎么办？	新股中签，未及时缴款有什么影响？	0.0
哪些是上交所债券的费用？	深交所逆回购的起点金额？	0.0
为什么我刚才的股票不能卖	未办理外币银证转账业务的客户如何取款？	0.0
个股分时图的成交量柱状线的颜色用金融终端怎么修改？	如何修改金融终端个股分时图下方的成交量柱状线的颜色？	1.0
资金密码忘记了怎么办？	忘记资金密码怎么办？	1.0
上交所对竞价交易临时停牌有何规定？	上交所对竞价交易临时停牌有何规定？	1.0
上交所逆回购品种和代码有哪些？	上交所有哪些国债逆回购品种，代码是多少	1.0
昨天买的股票，今天为什么不能卖？	深圳市场大宗交易的条件？	0.0
你好！我想问一下怎么资金转不出	为何账户有资金无法转出？	1.0
多少资金能达到多少的佣金？	刚刚买的股票什么什么时候可以卖呀	0.0
新股和创业股在什么条件下才能申购？	新股中签，未及时缴款有什么影响？	0.0
如何通过电话委托查询新股中签？	你好，我想知道我账户股票交易的手续费	0.0
未办理外币银证转账业务的客户如何取款？	有什么办法可以处理信用证券账户卡的遗失吗	0.0
证券转银行为什么转不了？	你好！为什么将款转到银行卡转不出去	1.0
如何更换银行卡	如何更换银行卡？	1.0
如何开户？	怎样开权限	1.0
未办理外币银证转账业务的客户如何取款？	为什么我股票市值够一万这么久了也不符合打新条件	0.0
新三板股票协议转让的申报类型？	申购新股后没给我配号	0.0
新股申购的配号规则？	新股申购的配号规则？	1.0
新三板股票协议转让的申报类型？	创业板权限转签如何操作？	0.0
哪些股票能用信用账户交易啊	信用账户可以交易哪些股票？	1.0
投诉上市公司什么样的证据合法有效？	持有什么证据投诉上市公司是合法的？	1.0
深交所上市债券实行净价交易有哪些？	未办理外币银证转账业务的客户如何取款？	0.0
为什么登录不上账号	如何开户？	1.0
你好！账号怎么登陆不上？	如何开户？	1.0
深市新股上市首日临时停牌有何规定？	深市新股上市首日临时停牌有何规定？	1.0
上交所债券的费用有哪些？	上交所债券的费用有哪些？	1.0
深市港股通的投资者可以办理港股的转托管吗？	深港通可以转托管港股吗？	1.0
手机账号忘记了怎么办	我的账户号忘记了	1.0
身份证上面的日期过了不能开户吗？	身份证过期可以办理开户吗？	1.0
查询佣金	多少资金能达到多少的佣金？	0.0
新三板股票转让的费用如何计算？	新三板股票转让交易有哪些费用？	1.0
新股IPO网上发行制度有哪些修改？	A股和港股的显示颜色有什么不一样？？	0.0
新股申购的条件？	申购新股要求	1.0
我之前开户了的	新股IPO网上发行制度有哪些修改？	0.0
我这个账户是网上开通的，应该怎么开通创业板权限？	深圳市场大宗交易的条件？	0.0
我要是想开通创业板	创业板如何开通	1.0
我已开通创业板权限多年，为什么不能转签?	创业板权限转签如何操作？	1.0
新股中签，未及时缴款有什么影响？	新股上市的第一天支持市价委托吗	0.0
新股上市首日委托买入为何作废？	你好，请问现在有开通创业板的名额吗	0.0
佣金能调整吗，感觉好高	如何调整佣金费率？	1.0
如何才可以买股票？	买不了股票是什么原因啊	1.0
为啥转不进去钱？	为何账户有资金无法转出？	1.0
为啥转不进来资金	未办理外币银证转账业务的客户如何取款？	0.0
忘记密码和编号	如何通过电话委托查询新股中签？	0.0
请问为什么我的资金不能转银行？	新股上市首日委托买入为何作废？	0.0
您好！我忘了资金密码。	新股中签，未及时缴款有什么影响？	0.0
新股申购失败：错误代码:B01，是什么意思？	新股申购失败：错误代码:B01？	1.0
深圳市场大宗交易的条件？	B股最后交易日	0.0
如何通过电话委托查询新股中签？	我的交易‘密码怎么找回密码	0.0
新股上市首日委托买入为何作废？	为什么我转不出资金	0.0
如何通过电话委托查询新股中签？	如何开创业版	0.0
身份证到期了会影响账户交易吗？	深交所逆回购的起点金额？	0.0
为什么新股上市首日委托买入是废单？	新股上市首日委托买入为何作废？	1.0
你好，忘记登录密码怎么办呢？	手机账户密码忘记了怎么办	1.0
如何查看佣金	如何查询佣金费率？	1.0
申购新股后没给我配号	申购新股后为何查询不到配号？	1.0
为什么资金转不出	新股IPO网上发行制度有哪些修改？	0.0
新三板股票协议转让的申报类型？	银行转证券转不了，是怎么回事？	0.0
若手机丢失，需要重新申请电子签名吗？	若手机丢失，需要重新申请电子签名吗？	1.0
多少资金能达到多少的佣金？	存折不可以开户吗	0.0
新股IPO网上发行制度有哪些修改？	忘了资金密码	0.0
深市中小企业板块A股证券代码是多少？	深市中小企业板块A股证券代码怎么查？	1.0
深交所逆回购的起点金额？	你好开通创业板要怎么办？	0.0
如何通过电话委托查询新股申购配号？	如何通过电话委托查询新股申购配号？	1.0
新三板股票协议转让的申报类型？	我证券里面的钱想转到银行卡上，怎么转不了？	0.0
创业板如何开通	我的账户可以开通创业板么	1.0
新股IPO网上发行制度有哪些修改？	今天买入什么股	0.0
当日卖出股票资金什么时候可以转出	新股IPO网上发行制度有哪些修改？	0.0
创业板如何开通	怎样开通创业版	1.0
新股IPO网上发行制度有哪些修改？	请问开通创业板	0.0
多少资金能达到多少的佣金？	我手机重装帐号忘记了怎么办	0.0
新股上市首日委托买入为何作废？	登入密码忘记怎么办	0.0
怎么改银行卡	如何更换银行卡？	1.0
深圳市场大宗交易的条件？	客户编号忘了如何找回	0.0
如何通过电话委托查询新股中签？	我的登录密码忘记了	0.0
我的上海A股帐号没开通，怎么办？	新股中签，未及时缴款有什么影响？	0.0
如何查询证券账号？	股票帐号怎么查询	1.0
请问，我想申请新三板挂牌要多长时间？	新三板挂牌申请需要多少时间？	1.0
客户编号忘记了怎么找回	多少资金能达到多少的佣金？	0.0
我忘了我的客户编号了	客户编号忘记了如何找回？	1.0
如何更换同一银行的三方存管银行卡？	同行换第三方存管，怎么换	1.0
证券转银行为什么转不了？	为什么银转证转不出	1.0
当日卖出股票后可以转出资金吗？	当日赎回股票，何时可以转出资金？	1.0
交易佣金多少	多少资金能达到多少的佣金？	1.0
身份证上面的日期过了不能开户吗？	如何通过电话委托查询新股中签？	0.0
我的身证号码已经变更了，在网上没办法修改	身份证号码变更后如何修改？	1.0
我您好，想问一下我的交易佣金是多少？	多少资金能达到多少的佣金？	1.0
手机账户密码忘记了怎么办	客户编号忘了，密码忘了，怎么办？	1.0
未办理外币银证转账业务的客户如何取款？	申购新股受限，到期需要解除限制吗？	0.0
什么是信用账户销户的条件？	信用账户销户条件？	1.0
B股和A股一样都是T+1交易?	B股实行T+0回转交易吗？	1.0
如何收取股票交易佣金？	如何收取股票交易佣金？	1.0
请问资金怎么转不了去银行	证券转银行为什么转不了？	1.0
*st股票在什么情况下退市？	*st股票会在哪些情况下退市呢？	1.0
手机账户密码忘记了怎么办	忘记了登录密码怎么	1.0
要是以后我不投资了，撤销账户怎么撤销	如何注销证券账户？	1.0
新股IPO网上发行制度有哪些修改？	账号登陆不上	0.0
如何开户？	我的账户打不开	1.0
网下打新缴款账号是否需与三方存管银行账号一致？	新三板股票协议转让的申报类型？	0.0
新股中签，未及时缴款有什么影响？	上交所逆回购的起点金额？	0.0
如何收取股票交易佣金？	我的股票交易费	1.0
当日卖完股票，能当日转出资金吗？	当日卖出股票后可以转出资金吗？	1.0
开通创业板	创业板如何开通	1.0
为什么资金转不出	为何账户有资金无法转出？	1.0
开通创业板权限需要什么证件	如何查询是否已开通创业板权限？	1.0
这里可以开户吗	深交所逆回购的起点金额？	0.0
多少资金能达到多少的佣金？	佣金多少啊	1.0
新股申购的条件？	请问打新股需要具备什么条件？	1.0
如何通过电话委托查询新股中签？	港股通和A股退市制度的区别是什么？	0.0
我最近想申购新股，但是持仓股票停牌了，能算入新股申购的市值吗？	新股上市首日委托买入为何作废？	0.0
证券转银行为什么转不了？	证券转银行转不了怎么回事	1.0
B股以什么币种交易？	未办理外币银证转账业务的客户如何取款？	0.0
网下打新资格是否支持在多家券商间使用？	网下打新资格是否支持在多家券商间使用？	1.0
未办理外币银证转账业务的客户如何取款？	上交所股票期权行权价格间距如何设置？	0.0
如何通过电话委托查询新股中签？	为什么不能转入银行	0.0
新股中签，未及时缴款有什么影响？	为什么转不出钱到银行	0.0
如何开户？	我之前在你们开过户	1.0
如何修改成本价数值？	如何便捷地修改成本价	1.0
新股申购的配号以什么规则进行	新股申购的配号规则？	1.0
深圳市场大宗交易的条件？	如何更换同一银行的三方存管银行卡？	0.0
我想问一下新股上市前一交易日晚上可以提前下单吗？	深圳市场大宗交易的条件？	0.0
新三板股票协议转让的申报类型？	证券要转出资金为什么会冻结	0.0
深圳市场大宗交易的条件？	怎样区分A股股票配股与增发的缴款时间？	0.0
现在这股怎么办	新股上市首日委托买入为何作废？	0.0
忘记交易密码怎么办？	支付密码忘了怎么办	1.0
我的手机换了，之前的电子签名还能用吗？	如何通过电话委托查询新股中签？	0.0
新股上市首日委托买入为何作废？	在这签了风险还不能买ST的为什么	0.0
银行转证券老提示失败	新股中签，未及时缴款有什么影响？	0.0
哪些是上交所债券的费用？	上交所债券的费用有哪些？	1.0
忘记交易密码怎么办？	忘记交易密码怎么办？	1.0
上海证券交易所逆回购的起点是什么？	上交所逆回购的起点金额？	1.0
当日卖出股票后可以转出资金吗？	今天股票卖了。今天钱可以转银行卡吗	1.0
什么是新三板股票的编码规则	新三板股票的编码规则？	1.0
为何账户有资金无法转出？	我的资金转不出来	1.0
如何通过电话委托查询新股中签？	如何设置银行	0.0
B股交易费用？	B股交易的费用？	1.0
为何账户有资金无法转出？	为何资金转不出	1.0
沪深当日买入可以当日卖出	新股上市首日委托买入为何作废？	0.0
今天刚把股票卖了，急用钱，有没有办法今天就能提现	当日卖出股票后可以转出资金吗？	1.0
深交所逆回购的起点金额？	为啥转不进去钱？	0.0
股票交易费用	交易手续费	1.0
深交所逆回购的起点金额？	网上开户的，怎样知道帐号多少	0.0
如何交易股票	如何交易股票？	1.0
资金转不出怎么回事	为何账户有资金无法转出？	1.0
你好，能查到我佣金费率多少吗？	如何查询佣金费率？	1.0
你好，为什么新股可申购数量有误?我只能申购1000股，可是软件显示的是6000股，	新股申购有数量要求吗？	1.0
证券转银行转不了什么情况	新股中签，未及时缴款有什么影响？	0.0
对于竞价交易临时停牌，深圳交易所有什么规定？	深交所对竞价交易临时停牌有何规定？	1.0
股票交易佣金怎样收取？	如何收取股票交易佣金？	1.0
深圳市场的新股配号为何有小数点？	最近我的深市新股配号显示都有小数点，	1.0
新股中签，未及时缴款有什么影响？	当天股票卖出资金能转到银行卡吗	0.0
新三板股票协议转让的申报类型？	上交所股东投票的网址是多少？	0.0
这里可以开户吗	如何开户？	1.0
股票手续费	新股中签，未及时缴款有什么影响？	0.0
手机账户密码忘记了怎么办	忘记登录密码怎么办？	1.0
如何通过电话委托查询新股中签？	B股的最小变动单位是多少啊	0.0
请问之前我开个的	如何开户？	1.0
创业板如何开通	开创业板，要怎么弄？	1.0
我的资金为什么转不出去呢？	为何账户有资金无法转出？	1.0
创业板如何开通	我想开通创业板怎么开？	1.0
如何通过电话委托查询新股中签？	我刚才为何银行资金转账到证券失败？	0.0
多少资金能达到多少的佣金？	无法买入ST补仓	0.0
证券转银行为什么转不了？	为什么银行转证券失败了？	1.0
新股上市首日委托买入为何作废？	我要调整交易费	0.0
深港通标的股名单	如何通过电话委托查询新股中签？	0.0
用什么方法处理申报深市股票委托时，提示：证券账户无效	未办理外币银证转账业务的客户如何取款？	0.0
银转证失败	证券转银行为什么转不了？	1.0
深交所对竞价交易临时停牌有何规定？	深交所对竞价交易临时停牌有何规定？	1.0
你好，我几次新股认购数量输入都说超出限额怎么回事	深市中小企业板块A股证券代码是多少？	0.0
客户编号忘记了，怎么查找	新股中签，未及时缴款有什么影响？	0.0
新股中签，未及时缴款有什么影响？	我想转账到银行卡，怎么转不了？	0.0
创业版开通了吧	创业板如何开通	1.0
深交所新股上市首日临时停牌期间接受委托吗？	深交所新股上市首日临时停牌期间接受委托吗？	1.0
新股申购的市值计算范围？	信用账户里面的市值算在申购市值里吗？	1.0
如何通过电话委托查询新股中签？	申购新股有什么条件！	0.0
深交所逆回购的起点金额？	如何调整期权交易权限？	0.0
新三板股票协议转让的申报类型？	你好，能帮我查一下信用账户的新股额度吗	0.0
忘记交易密码怎么办？	交易登入密码忘记怎么找回	1.0
多少资金能达到多少的佣金？	佣金大概是多少	1.0
你好请问我手续费多少	多少资金能达到多少的佣金？	1.0
怎么开创业板?	新股IPO网上发行制度有哪些修改？	0.0
未办理外币银证转账业务的客户如何取款？	手机账号忘记了怎么办	0.0
新三板股票有哪些编码规则？	新股上市首日委托买入为何作废？	0.0
新三板股票协议转让的申报类型？	银证转账的银行设么时间上班	0.0
你好，想咨询一下申购新股需要什么条件	新股申购的条件？	1.0
深市中小企业板块A股证券代码是多少？	佣金费率是多少	0.0
网上开户佣金是多少？	app开户佣金多少	1.0
我您好，想问一下我的交易佣金是多少？	未办理外币银证转账业务的客户如何取款？	0.0
新股ipo网上发行制度都有什么修改？	深交所逆回购的起点金额？	0.0
股票交易费用	股票交易费用	1.0
如何设置银行	如何更换银行卡？	1.0
现在开户收费多少	网上开户佣金是多少？	1.0
新三板股票协议转让的申报类型？	我忘记了我的账户	0.0
创业板如何开通	想开通创业板	1.0
怎样开通沪深	深交所逆回购的起点金额？	0.0
网上开户的，怎样知道帐号多少	网上开户佣金是多少？	1.0
未办理外币银证转账业务的客户如何取款？	交易密码怎么老是错的	0.0
信用账户可以购买ST股票吗？	信用账户可以购买ST股票吗？	1.0
深市中小企业板块A股证券代码是多少？	怎么登陆交易帐号和密码总是说错误?	0.0
深交所逆回购的起点金额？	沪深A股也没有开户费吗	0.0
深市中小企业板块A股证券代码是多少？	你好，信用账户在那申购新股呢	0.0
创业板怎么开通呢	新股IPO网上发行制度有哪些修改？	0.0
新三板股票协议转让的申报类型？	新股申购的配号规则？	0.0
新股上市首日委托买入为何作废？	帐号忘了	0.0
刚上市的新股能不能在第一天就操作市价委托呀	新股IPO网上发行制度有哪些修改？	0.0
新股上市首日委托买入为何作废？	我的资金为什么转不出来	0.0
忘记资金密码怎么办？	忘了资金密码怎么办	1.0
证券转银行为什么转不了？	证券转银行怎么转不了啊？	1.0
手机账号忘记了怎么办	手机账号忘记了怎么办	1.0
新股上市首日委托买入为何作废？	请问我在贵公司的交易费是万几	0.0
手机账户密码忘记了怎么办	忘记登录密码了怎么办	1.0
新三板协议转让有哪些成交情况？	新三板协议转让有哪些成交情况？	1.0
创业板如何开通	怎么才能开通创业板	1.0
我忘记登陆密码了怎么办	多少资金能达到多少的佣金？	0.0
新股中签，未及时缴款有什么影响？	可以通过哪些方式修改成本价	0.0
新三板股票协议转让的申报类型？	上交所债券的费用都包括什么？	0.0
申购新股时怎么总是显示不符合新股申购条件呢	新股申购的条件？	1.0
你好，我的身份证过期了，可以开户吗？	身份证过期可以办理开户吗？	1.0
如何查询是否已开创业板	如何查询是否已开通创业板权限？	1.0
深圳市场大宗交易的条件？	新股中签后未足额缴款	0.0
钱转不进来	深圳市场大宗交易的条件？	0.0
是否可以通过微信修改资金密码	未办理外币银证转账业务的客户如何取款？	0.0
手机账户密码忘记了怎么办	你好，忘了登入密码怎么办	1.0
我的客户号忘记了	深交所逆回购的起点金额？	0.0
开通创业板权限有什么要求吗？	创业板权限首次开通？	1.0
如何通过电话委托查询新股中签？	新股申购的配号以什么规则进行	0.0
我忘了我的账号	手机账号忘记了怎么办	1.0
当日卖出股票后可以转出资金吗？	刚刚卖的钱怎么转不到银行	1.0
深交所逆回购的起点金额？	股份报价转让的申报类型是什么？	0.0
我的帐户怎么不能进行和银行间的转账了？	转账失败的原因？	1.0
有什么方法信用账户可以购买非标的证券？	未办理外币银证转账业务的客户如何取款？	0.0
股票的交易时间？	现在这股怎么办	1.0
深圳市场大宗交易的条件？	新三版股票清算有哪些交收规则	0.0
ST股票怎么没法买呢？	多少资金能达到多少的佣金？	0.0
信用账户如何查询新股申购额度？	你好，能帮我查一下信用账户的新股额度吗	1.0
创业板转签需要先在我开始开户的地方开通转签权限？	新股中签，未及时缴款有什么影响？	0.0
为什么钱转不出去	深市中小企业板块A股证券代码是多少？	0.0
你好，请问怎么开通创业板	创业板如何开通	1.0
新三板股票协议转让的申报类型？	想问问我的手续费是多少	0.0
如何通过电话委托查询新股中签？	上交所逆回购的品种有啥，对应的代码是什么	0.0
新股IPO网上发行制度有哪些修改？	怎么才能开通创业板	0.0
身份证到期影响账户交易吗？	身份证到期影响账户交易吗？	1.0
为何账户有资金无法转出？	资金转不出来？	1.0
我忘记登陆密码了怎么办	手机账户密码忘记了怎么办	1.0
深交所转股的申报数量是以什么方式填写的？	如何通过电话委托查询新股中签？	0.0
新三板股票协议转让的申报类型？	请问，要怎么区分港股通和A股的退市制度？	0.0
请问，账户忘了怎么办？	手机账号忘记了怎么办	1.0
为何账户有资金无法转出？	？怎么不能转钱出来	1.0
转账失败的原因？	转帐失败的原因	1.0
转不了钱进帐户	为何账户有资金无法转出？	1.0
为何账户有资金无法转出？	怎么转钱失败	1.0
如何开户？	我原来有开户	1.0
怎么才能有创业板交易权限	创业板权限首次开通？	1.0
手续费降低了在你这里可以调整吗	新股中签，未及时缴款有什么影响？	0.0
忘记客户编号怎么办？	新股IPO网上发行制度有哪些修改？	0.0
请问注销普通的证券账户需要什么资料带去证券公司？	如何注销证券账户？	1.0
上市公司收购可采取哪些方式？	收购上市公司有哪些方法？	1.0
新股申购失败：错误代码:B01？	未办理外币银证转账业务的客户如何取款？	0.0
忘了交易密码	忘记交易密码怎么办？	1.0
申购新股条件	新股申购的条件？	1.0
交易密码忘	忘记交易密码怎么办？	1.0
忘记资金密码怎么办？	忘记资金账号密码怎么找回啊	1.0
多少资金能达到多少的佣金？	我想用信用账户操作要约收购，行吗	0.0
咋开通创业板	创业板如何开通	1.0
我今天把股票卖了，可以今天销户吗？	深市中小企业板块A股证券代码是多少？	0.0
多少资金能达到多少的佣金？	新三板股票转让的费用如何计算？	0.0
为什么钱不能转到银行卡	证券转银行为什么转不了？	1.0
期权交易权限申请要求有哪些期权模拟交易经历？	多少资金能达到多少的佣金？	0.0
佣金和手续费的区别	深市中小企业板块A股证券代码是多少？	0.0
忘记登录密码怎么办？	深市中小企业板块A股证券代码是多少？	0.0
新股中签，未及时缴款有什么影响？	新股中签后股份何时上市？	0.0
新股中签，未及时缴款有什么影响？	要是以后我不投资了，撤销账户怎么撤销	0.0
我的账户号忘记了	深交所逆回购的起点金额？	0.0
创业板如何开通	我可以开通创业板	1.0
哪些条件满足才可申购新股	深交所逆回购的起点金额？	0.0
如何转让中小企业私募债券？	深圳市场大宗交易的条件？	0.0
新股申购的条件？	什么条件可以申购新股	1.0
手机账户密码忘记了怎么办	登陆账户和密码忘了	1.0
为什么我的账号不能转钱进去了	深圳市场大宗交易的条件？	0.0
新三板股票协议转让的申报类型？	深交所上市债券实行全价交易有哪些？	0.0
新股IPO网上发行制度有哪些修改？	B股是约定购回的标的券吗？	0.0
ST股票为何无法买入？	为什么我不能买ST的股票，提示我没有签订书面风险书，我怎么样才能买	1.0
未办理外币银证转账业务的客户如何取款？	你好，我的上海A股为什么开通不了呢？	0.0
未办理外币银证转账业务的客户如何取款？	接收委托在深交所新股上市首日临时停牌期间行吗？	0.0
手续费是万几	深圳市场大宗交易的条件？	0.0
我想问下股票交易手续费怎么收	股票交易费用	1.0
当日卖出股票后可以转出资金吗？	新股上市首日委托买入为何作废？	0.0
多少资金能达到多少的佣金？	请问我们资金从银行转证券转不了	0.0
网下打新的备案条件？	未办理外币银证转账业务的客户如何取款？	0.0
新三板股票协议转让的申报类型？	新股IPO网上发行制度有哪些修改？	0.0
如何通过电话委托查询新股中签？	咋开通创业板	0.0
多少资金能达到多少的佣金？	你好，请问怎么开通创业板	0.0
深市中小企业板块A股证券代码是多少？	信用账户可以交易的股票类型有限制吗	0.0
银行怎么转不了证卷?	证券转银行为什么转不了？	1.0
哪些深交所的上市债券实行全价交易？	未办理外币银证转账业务的客户如何取款？	0.0
银行转不了账	证券转银行为什么转不了？	1.0
请问要怎样开通创业版	新股中签，未及时缴款有什么影响？	0.0
我的资金提不出来怎么回事	为何账户有资金无法转出？	1.0
新三板股价变动单位？	新三板股价变动单位？	1.0
如何开户？	你好，开户套餐是什么？	1.0
开户有年费吗	未办理外币银证转账业务的客户如何取款？	0.0
新三板权限开通流程？	咨询下，新三板购买权限如何开通	1.0
多少资金能达到多少的佣金？	信用账户卖出证券得到现金怎么可以自动还负债？	0.0
新股上市首日委托买入为何作废？	忘记资金密码	0.0
深交所逆回购的起点金额？	请问，股票账户可以通过网上注销么？	0.0
身份证过期如何办理？	身份证过期如何办理？	1.0
深市中小企业板块A股证券代码是多少？	我想买入ST山水，但是就是买不进不知为什么。	0.0
通过什么方式可以进行上市公司收购？	多少资金能达到多少的佣金？	0.0
未办理外币银证转账业务的客户如何取款？	现在不支持银证转账？	0.0
网下打新申报价格有什么规定？	新股上市首日委托买入为何作废？	0.0
新三板股价变动单位？	新股上市首日委托买入为何作废？	0.0
登陆密码忘记了	深市中小企业板块A股证券代码是多少？	0.0
为何证券券转银行失败呢	未办理外币银证转账业务的客户如何取款？	0.0
你好请问我手续费多少	新股IPO网上发行制度有哪些修改？	0.0
证券转银行为什么转不了？	银行不能转证券？	1.0
新股上市首日委托买入为何作废？	投资者如何买卖港股通股票	0.0
有什么办法可以处理信用证券账户卡的遗失吗	信用证券账户卡遗失应如何处理？	1.0
要什么条件才能申购新股啊	深圳市场大宗交易的条件？	0.0
如果是多个账号的话，新股申购的市值是计算全部总和吗？	新股IPO网上发行制度有哪些修改？	0.0
佣金与手续费的区别？	佣金与手续费的区别？	1.0
有什么办法开立信用账户在60岁以上？	新三板股票协议转让的申报类型？	0.0
证券我什么不能转款的银行	新股上市首日委托买入为何作废？	0.0
请问证券金转银行转不了	深交所逆回购的起点金额？	0.0
想问下，我怎么查佣金	如何查询佣金费率？	1.0
如何开户？	账号不能登入	1.0
我的交易密码忘了怎么办	如何通过电话委托查询新股中签？	0.0
客户编号忘记了怎么找回	客户编号忘记了如何找回？	1.0
深圳市场大宗交易的条件？	如何才可以买股票？	0.0
信用账户开立后何时生效？	信用账户开立后几日生效？	1.0
证券转银行为什么转不了？	为什么证券转银行不行?	1.0
多少资金能达到多少的佣金？	B股有涨跌限制吗？	0.0
多少资金能达到多少的佣金？	还有一个问题今天申购了一个新股，新股会把余额线冻结吗？谢谢	0.0
如何调整A股的佣金？	深市中小企业板块A股证券代码是多少？	0.0
账号密码忘记了	新股中签，未及时缴款有什么影响？	0.0
证券转银行为什么转不了？	为什么证券转银行转不了？	1.0
更换同一银行三方存管银行卡必须本人的吗	多少资金能达到多少的佣金？	0.0
新三板股票协议转让的申报类型？	我想问比如今天把股票买了然后明天钱可以转出来吗	0.0
申报深市股票委托时，提示：证券账户无效，该如何处理？	用什么方法处理申报深市股票委托时，提示：证券账户无效	1.0
深交所B股证券代码的编制原则是什么？	深交所B股证券代码的编制原则是什么？	1.0
多少资金能达到多少的佣金？	新三板股票转让交易有哪些费用？	0.0
多少资金能达到多少的佣金？	深交所债券的费用类型？	0.0
我忘了我的编号了	深市中小企业板块A股证券代码是多少？	0.0
手机账户密码忘记了怎么办	忘记账户密码	1.0
怎么我的资金转不出	为何账户有资金无法转出？	1.0
未办理外币银证转账业务的客户如何取款？	为什么银转证转不了	0.0
现在开通创业板权限需要什么资质？	多少资金能达到多少的佣金？	0.0
深交所逆回购的起点金额？	信用账户如何操作配股？	0.0
想问下，我怎么查佣金	新股上市首日委托买入为何作废？	0.0
深市中小企业板块A股证券代码是多少？	现在怎么不能交易了？	0.0
深市中小企业板块A股证券代码是多少？	忘了帐号	0.0
新股IPO网上发行制度有哪些修改？	您好，请问从其他证券公司转户怎么转	0.0
如何修改金融终端个股分时图下方的成交量柱状线的颜色？	如何修改金融终端个股分时图下方的成交量柱状线的颜色？	1.0
深圳市场大宗交易的条件？	密码忘了，如何登录？	0.0
你好，我想问下上交所股票期权行权价格的间距是怎么规定的	上交所股票期权行权价格间距如何设置？	1.0
上市公司进行重大资产重组，需要多长时间停牌？	上市公司进行重大资产重组，停牌时间最长期限是多久？	1.0
创业板首次如何开通	创业板权限首次开通？	1.0
网上开户佣金是多少？	网上开户佣金是多少？	1.0
手续费调整	深圳市场大宗交易的条件？	0.0
上交所对竞价交易临时停牌有何规定？	上交所对于竞价交易临时停牌有什么规则？	1.0
佣金与手续费的区别？	佣金和手续费的区别	1.0
我在你处有B股。还想开通A股，能在网上申请吗？	多少资金能达到多少的佣金？	0.0
信用账户开通条件	多少资金能达到多少的佣金？	0.0
未办理外币银证转账业务的客户如何取款？	银行转证券不行吗？今天	0.0
如何才可以买股票？	我怎么才能卖出股票	1.0
创业板如何开通?	未办理外币银证转账业务的客户如何取款？	0.0
银转证怎么转不了	新三板股票协议转让的申报类型？	0.0
新股申购的配号是按时间顺序分吗	多少资金能达到多少的佣金？	0.0
证券转银行为什么转不了？	我想转账到银行卡，怎么转不了？	1.0
你好，申购今天的新股，会冻结资金吗	深市中小企业板块A股证券代码是多少？	0.0
深交所配股认购名称的编制原则？	新股上市首日委托买入为何作废？	0.0
什么时候能确认深圳大宗交易的成交时间？	深圳大宗交易的成交确认时间？	1.0
未办理外币银证转账业务的客户如何取款？	今天证券转银行不行吗	0.0
新三板协议成交的方式有哪几种？	新股上市首日委托买入为何作废？	0.0
怎么开创业版	新股中签，未及时缴款有什么影响？	0.0
如何交易股票？	深圳市场大宗交易的条件？	0.0
我的账号忘了	新股中签，未及时缴款有什么影响？	0.0
新股上市首日委托买入为何作废？	为什么我的资金证转银转不了？	0.0
客户编号忘记了如何找回？	忘记了客户编码	1.0
什么样的股票可以计算市值？	新股申购的市值计算范围？	1.0
新股中签，未及时缴款有什么影响？	我的资金怎么从证劵转银行，转不出来？	0.0
我想开通创业板怎么开？	深圳市场大宗交易的条件？	0.0
我要开创业板	创业板如何开通	1.0
身份证过期可以办理开户吗？	我想问一下身份证过期了能开户吗	1.0
请问新股中签交款后多少天上市交易	深交所逆回购的起点金额？	0.0
忘记资金密码怎么办？	忘记资金帐户	1.0
新股申购是否可以撤单	新股申购可以撤单吗？	1.0
深交所逆回购的起点金额？	信用账户如何操作配债？	0.0
如何通过电话委托查询新股中签？	银转证失败	0.0
证券转银行为什么转不了？	为什么银行转证券不行	1.0
新股上市首日委托买入为何作废？	能不能把我的第三方存管取消？	0.0
网下打新申报价格有规定吗	网下打新申报价格有什么规定？	1.0
创业板如何开通	创业板如何开通	1.0
当日卖出股票后可以转出资金吗？	当日卖出股票资金什么时候可以转出	1.0
深交所逆回购的起点金额？	忘记资金密码怎么办？	0.0
新三板挂牌申请需要多少时间？	新三板挂牌申请需要多少时间？	1.0
我证卷有可取现金，但我转不了银行	深市中小企业板块A股证券代码是多少？	0.0
新股申购我按错了能撤单吗	新股申购可以撤单吗？	1.0
新股中签，未及时缴款有什么影响？	为啥钱在账户提不出来	0.0
创业板如何开通	如何开通创业板	1.0
新三板股票转让交易有哪些费用？	新三板股票转让交易有哪些费用？	1.0
新股IPO网上发行制度有哪些修改？	怎么开通帐户	0.0
当日卖出股票后可以转出资金吗？	请问星期五卖出的股票资金今天转不出吗?	1.0
网上委托权限如何开通？	网上委托权限如何开通？	1.0
证券转银行为什么转不了？	为什么转不出钱到银行	1.0
如何注销证券账户？	我原来网上开通的账户 怎么注销	1.0
新股申购市值会合并计算多个证券账户的吗？	如果是多个账号的话，新股申购的市值是计算全部总和吗？	1.0
创业板如何开通	开创业板	1.0
证转银，资金帐号密码忘记怎么办，	忘记资金密码怎么办？	1.0
新股IPO网上发行制度有哪些修改？	忘记用户帐号了	0.0
你好，怎么知道自己开通了创业板吗	创业板如何开通	1.0
深圳市场的新股配号为何有小数点？	深圳市场的新股配号为何有小数点？	1.0
请问怎么更改登录和交易密码	深交所逆回购的起点金额？	0.0
